<?xml version = '1.0' encoding = 'UTF-8'?>
<Diagram class="oracle.dbtools.crest.swingui.relational.DPVRelational" name="Relational_1" id="E1104CED-AAFD-B214-25CF-DF9618381148">
<createdBy>test</createdBy>
<modifiedBy>test</modifiedBy>
<createdTime>2022-10-14 09:53:33 UTC</createdTime>
<autoRoute>false</autoRoute>
<boxInbox>true</boxInbox>
<showLegend>false</showLegend>
<showLabels>false</showLabels>
<showRelAttributes>false</showRelAttributes>
<gridEnabled>false</gridEnabled>
<showGrid>false</showGrid>
<diagramColor>-1</diagramColor>
<display>false</display>
<notation>1</notation>
<objectViews>
<OView class="oracle.dbtools.crest.swingui.relational.TVTable" oid="193427B7-105E-8B0E-65EC-CB32DBA4EED3" otype="Table" vid="4DA30A32-DE5B-3A48-8285-00CE1980F951">
<hideElementsInCurrentOnly>false</hideElementsInCurrentOnly>
<bounds x="957" y="0" width="170" height="112"/>
</OView>
<OView class="oracle.dbtools.crest.swingui.relational.TVTable" oid="1ABB846F-09B0-4567-C36E-C561C58C679B" otype="Table" vid="E41231F5-9E5F-4A7B-4834-B259A9B0F231">
<hideElementsInCurrentOnly>false</hideElementsInCurrentOnly>
<bounds x="502" y="0" width="170" height="110"/>
</OView>
<OView class="oracle.dbtools.crest.swingui.relational.TVTable" oid="228C7F8B-2EC4-9E41-7F8D-CFA8D27BA2D9" otype="Table" vid="1386AF12-8D1D-988B-432A-0DE0CD3BAB23">
<hideElementsInCurrentOnly>false</hideElementsInCurrentOnly>
<bounds x="253" y="254" width="170" height="114"/>
</OView>
<OView class="oracle.dbtools.crest.swingui.relational.TVTable" oid="27A51116-F155-6E40-AD3B-22AA9ECEFEC3" otype="Table" vid="6BF9143F-36F9-F55E-8B8B-857B83047C40">
<hideElementsInCurrentOnly>false</hideElementsInCurrentOnly>
<bounds x="0" y="563" width="173" height="114"/>
</OView>
<OView class="oracle.dbtools.crest.swingui.relational.TVTable" oid="3357D961-9993-0759-2ABC-6AF024D6D464" otype="Table" vid="B3EF73D1-1282-22CC-B164-F2A4FAF0F00B">
<hideElementsInCurrentOnly>false</hideElementsInCurrentOnly>
<bounds x="611" y="471" width="170" height="115"/>
</OView>
<OView class="oracle.dbtools.crest.swingui.relational.TVTable" oid="36F4EFF3-4243-7C40-D705-DED4C6E607BA" otype="Table" vid="D6A83EF5-DA61-2FA6-8E8B-EC8B764896C3">
<hideElementsInCurrentOnly>false</hideElementsInCurrentOnly>
<bounds x="412" y="472" width="170" height="115"/>
</OView>
<OView class="oracle.dbtools.crest.swingui.relational.TVTable" oid="3A21E9A9-7507-F9E7-D52C-06D867B44C49" otype="Table" vid="7CF3856D-3E2D-0FE4-EBE6-127196AA3D73">
<hideElementsInCurrentOnly>false</hideElementsInCurrentOnly>
<bounds x="792" y="468" width="170" height="115"/>
</OView>
<OView class="oracle.dbtools.crest.swingui.relational.TVTable" oid="44E68AA0-9B34-FF5F-F57C-AEF90258867A" otype="Table" vid="C3D0D1F4-A7E1-5D83-A3D9-6CF1A3EC4251">
<hideElementsInCurrentOnly>false</hideElementsInCurrentOnly>
<bounds x="217" y="472" width="170" height="115"/>
</OView>
<OView class="oracle.dbtools.crest.swingui.relational.TVTable" oid="649A0FCF-248E-B02D-64C8-3C272CF2ADFA" otype="Table" vid="66A15C3F-4D37-A3E9-5495-327FDE676C4D">
<hideElementsInCurrentOnly>false</hideElementsInCurrentOnly>
<bounds x="737" y="0" width="170" height="110"/>
</OView>
<OView class="oracle.dbtools.crest.swingui.relational.TVTable" oid="699E0E6F-FE8A-F450-CD12-9483CBE18124" otype="Table" vid="69A2B6BB-A102-0F2A-D13A-607DC27C8130">
<hideElementsInCurrentOnly>false</hideElementsInCurrentOnly>
<bounds x="739" y="172" width="170" height="114"/>
</OView>
<OView class="oracle.dbtools.crest.swingui.relational.TVTable" oid="6D4A1C64-6740-A673-CD81-99A0786A47A8" otype="Table" vid="7FF3C9A9-351F-308B-DB21-6C6D5AA6593A">
<hideElementsInCurrentOnly>false</hideElementsInCurrentOnly>
<bounds x="379" y="650" width="170" height="113"/>
</OView>
<OView class="oracle.dbtools.crest.swingui.relational.TVTable" oid="89D90EC7-2B61-F170-B742-C9E74C8AB329" otype="Table" vid="A61F8995-0369-4AE7-74D3-30D2686B21A3">
<hideElementsInCurrentOnly>false</hideElementsInCurrentOnly>
<bounds x="715" y="634" width="170" height="111"/>
</OView>
<OView class="oracle.dbtools.crest.swingui.relational.TVTable" oid="A5E271C7-13B1-1B45-CEC0-1280B851DA51" otype="Table" vid="B649BBC1-0218-5465-7090-C0848301DB38">
<hideElementsInCurrentOnly>false</hideElementsInCurrentOnly>
<bounds x="505" y="176" width="170" height="110"/>
</OView>
<OView class="oracle.dbtools.crest.swingui.relational.TVTable" oid="C23FEA9E-86EF-FAC6-5015-42F63683DBED" otype="Table" vid="D7175699-461E-ADC7-CE4F-48DB8B57EC48">
<hideElementsInCurrentOnly>false</hideElementsInCurrentOnly>
<bounds x="0" y="383" width="170" height="112"/>
</OView>
<OView class="oracle.dbtools.crest.swingui.relational.TVTable" oid="EA2D6FA1-0208-BCDF-D58E-CA4C03A20962" otype="Table" vid="278D1E1F-D8E1-A10F-24F6-47AF9F9077BB">
<hideElementsInCurrentOnly>false</hideElementsInCurrentOnly>
<bounds x="253" y="78" width="170" height="110"/>
</OView>
</objectViews>
<connectors>
<Connector class="oracle.dbtools.crest.swingui.relational.TVFKRelation" oid="00E7018C-54A1-6CC3-41C8-1F1076994745" otype="FKIndexAssociation" vid_source="A61F8995-0369-4AE7-74D3-30D2686B21A3" vid_target="7CF3856D-3E2D-0FE4-EBE6-127196AA3D73">
<hideElementsInCurrentOnly>false</hideElementsInCurrentOnly>
<backgroundColor>-16777216</backgroundColor>
<lineWidth>1</lineWidth>
<points>
<point x="838" y="634"/>
<point x="838" y="583"/>
</points>
</Connector>
<Connector class="oracle.dbtools.crest.swingui.relational.TVFKRelation" oid="0AA281CC-73FE-766C-B40E-4575BED93EE2" otype="FKIndexAssociation" vid_source="B649BBC1-0218-5465-7090-C0848301DB38" vid_target="B3EF73D1-1282-22CC-B164-F2A4FAF0F00B">
<hideElementsInCurrentOnly>false</hideElementsInCurrentOnly>
<backgroundColor>-16777216</backgroundColor>
<lineWidth>1</lineWidth>
<points>
<point x="643" y="286"/>
<point x="643" y="471"/>
</points>
</Connector>
<Connector class="oracle.dbtools.crest.swingui.relational.TVFKRelation" oid="1AE721E8-4177-C51E-BA5E-DC33220F432C" otype="FKIndexAssociation" vid_source="69A2B6BB-A102-0F2A-D13A-607DC27C8130" vid_target="7CF3856D-3E2D-0FE4-EBE6-127196AA3D73">
<hideElementsInCurrentOnly>false</hideElementsInCurrentOnly>
<backgroundColor>-16777216</backgroundColor>
<lineWidth>1</lineWidth>
<points>
<point x="850" y="286"/>
<point x="850" y="468"/>
</points>
</Connector>
<Connector class="oracle.dbtools.crest.swingui.relational.TVFKRelation" oid="1FA6D273-8401-0F28-D416-5E936FF2D651" otype="FKIndexAssociation" vid_source="6BF9143F-36F9-F55E-8B8B-857B83047C40" vid_target="A61F8995-0369-4AE7-74D3-30D2686B21A3">
<hideElementsInCurrentOnly>false</hideElementsInCurrentOnly>
<backgroundColor>-16777216</backgroundColor>
<lineWidth>1</lineWidth>
<points>
<point x="173" y="670"/>
<point x="715" y="670"/>
</points>
</Connector>
<Connector class="oracle.dbtools.crest.swingui.relational.TVFKRelation" oid="334529D7-FD1D-F244-C27F-1D077B1C25A1" otype="FKIndexAssociation" vid_source="69A2B6BB-A102-0F2A-D13A-607DC27C8130" vid_target="B3EF73D1-1282-22CC-B164-F2A4FAF0F00B">
<hideElementsInCurrentOnly>false</hideElementsInCurrentOnly>
<backgroundColor>-16777216</backgroundColor>
<lineWidth>1</lineWidth>
<points>
<point x="760" y="286"/>
<point x="760" y="471"/>
</points>
</Connector>
<Connector class="oracle.dbtools.crest.swingui.relational.TVFKRelation" oid="36E91209-2A80-AD24-CE17-DE1D3566C843" otype="FKIndexAssociation" vid_source="7FF3C9A9-351F-308B-DB21-6C6D5AA6593A" vid_target="1386AF12-8D1D-988B-432A-0DE0CD3BAB23">
<hideElementsInCurrentOnly>false</hideElementsInCurrentOnly>
<backgroundColor>-16777216</backgroundColor>
<lineWidth>1</lineWidth>
<points>
<point x="401" y="650"/>
<point x="401" y="368"/>
</points>
</Connector>
<Connector class="oracle.dbtools.crest.swingui.relational.TVFKRelation" oid="478B56DB-C3A7-1D94-C4E8-EC0BA35297AF" otype="FKIndexAssociation" vid_source="278D1E1F-D8E1-A10F-24F6-47AF9F9077BB" vid_target="B649BBC1-0218-5465-7090-C0848301DB38">
<hideElementsInCurrentOnly>false</hideElementsInCurrentOnly>
<backgroundColor>-16777216</backgroundColor>
<lineWidth>1</lineWidth>
<points>
<point x="423" y="182"/>
<point x="505" y="182"/>
</points>
</Connector>
<Connector class="oracle.dbtools.crest.swingui.relational.TVFKRelation" oid="5E715B28-24A7-1F12-5D7A-012BF195EF5A" otype="FKIndexAssociation" vid_source="E41231F5-9E5F-4A7B-4834-B259A9B0F231" vid_target="B649BBC1-0218-5465-7090-C0848301DB38">
<hideElementsInCurrentOnly>false</hideElementsInCurrentOnly>
<backgroundColor>-16777216</backgroundColor>
<lineWidth>1</lineWidth>
<points>
<point x="588" y="110"/>
<point x="588" y="176"/>
</points>
</Connector>
<Connector class="oracle.dbtools.crest.swingui.relational.TVFKRelation" oid="673F0030-E737-9528-27CD-0ED9F02DE5C3" otype="FKIndexAssociation" vid_source="6BF9143F-36F9-F55E-8B8B-857B83047C40" vid_target="1386AF12-8D1D-988B-432A-0DE0CD3BAB23">
<hideElementsInCurrentOnly>false</hideElementsInCurrentOnly>
<backgroundColor>-16777216</backgroundColor>
<lineWidth>1</lineWidth>
<points>
<point x="132" y="563"/>
<point x="291" y="368"/>
</points>
</Connector>
<Connector class="oracle.dbtools.crest.swingui.relational.TVFKRelation" oid="75737FA8-3AAC-F159-0111-60BFD72F7E89" otype="FKIndexAssociation" vid_source="1386AF12-8D1D-988B-432A-0DE0CD3BAB23" vid_target="D6A83EF5-DA61-2FA6-8E8B-EC8B764896C3">
<hideElementsInCurrentOnly>false</hideElementsInCurrentOnly>
<backgroundColor>-16777216</backgroundColor>
<lineWidth>1</lineWidth>
<points>
<point x="417" y="368"/>
<point x="417" y="472"/>
</points>
</Connector>
<Connector class="oracle.dbtools.crest.swingui.relational.TVFKRelation" oid="84CD06B9-7579-17C3-A9EE-02291C6AD592" otype="FKIndexAssociation" vid_source="B649BBC1-0218-5465-7090-C0848301DB38" vid_target="66A15C3F-4D37-A3E9-5495-327FDE676C4D">
<hideElementsInCurrentOnly>false</hideElementsInCurrentOnly>
<backgroundColor>-16777216</backgroundColor>
<lineWidth>1</lineWidth>
<points>
<point x="662" y="176"/>
<point x="749" y="110"/>
</points>
</Connector>
<Connector class="oracle.dbtools.crest.swingui.relational.TVFKRelation" oid="92B83044-6071-D2F5-D7F2-414FA2AA341D" otype="FKIndexAssociation" vid_source="A61F8995-0369-4AE7-74D3-30D2686B21A3" vid_target="D7175699-461E-ADC7-CE4F-48DB8B57EC48">
<hideElementsInCurrentOnly>false</hideElementsInCurrentOnly>
<backgroundColor>-16777216</backgroundColor>
<lineWidth>1</lineWidth>
<points>
<point x="715" y="659"/>
<point x="170" y="468"/>
</points>
</Connector>
<Connector class="oracle.dbtools.crest.swingui.relational.TVFKRelation" oid="AE14090F-DF10-985A-5792-1FE2EC7A9483" otype="FKIndexAssociation" vid_source="C3D0D1F4-A7E1-5D83-A3D9-6CF1A3EC4251" vid_target="1386AF12-8D1D-988B-432A-0DE0CD3BAB23">
<hideElementsInCurrentOnly>false</hideElementsInCurrentOnly>
<backgroundColor>-16777216</backgroundColor>
<lineWidth>1</lineWidth>
<points>
<point x="320" y="472"/>
<point x="320" y="368"/>
</points>
</Connector>
<Connector class="oracle.dbtools.crest.swingui.relational.TVFKRelation" oid="B8393944-DF33-0625-E28B-4BA3CBDC3D95" otype="FKIndexAssociation" vid_source="A61F8995-0369-4AE7-74D3-30D2686B21A3" vid_target="B3EF73D1-1282-22CC-B164-F2A4FAF0F00B">
<hideElementsInCurrentOnly>false</hideElementsInCurrentOnly>
<backgroundColor>-16777216</backgroundColor>
<lineWidth>1</lineWidth>
<points>
<point x="748" y="634"/>
<point x="748" y="586"/>
</points>
</Connector>
<Connector class="oracle.dbtools.crest.swingui.relational.TVFKRelation" oid="D8013424-3013-3D85-9E30-46F0C6D1FB8F" otype="FKIndexAssociation" vid_source="4DA30A32-DE5B-3A48-8285-00CE1980F951" vid_target="66A15C3F-4D37-A3E9-5495-327FDE676C4D">
<hideElementsInCurrentOnly>false</hideElementsInCurrentOnly>
<backgroundColor>-16777216</backgroundColor>
<lineWidth>1</lineWidth>
<points>
<point x="957" y="55"/>
<point x="907" y="55"/>
</points>
</Connector>
<Connector class="oracle.dbtools.crest.swingui.relational.TVFKRelation" oid="DAD91B95-3CAF-D519-73B6-5E1BCEAAF344" otype="FKIndexAssociation" vid_source="1386AF12-8D1D-988B-432A-0DE0CD3BAB23" vid_target="D7175699-461E-ADC7-CE4F-48DB8B57EC48">
<hideElementsInCurrentOnly>false</hideElementsInCurrentOnly>
<backgroundColor>-16777216</backgroundColor>
<lineWidth>1</lineWidth>
<points>
<point x="253" y="354"/>
<point x="170" y="395"/>
</points>
</Connector>
<Connector class="oracle.dbtools.crest.swingui.relational.TVFKRelation" oid="FBF11A4F-ECED-82B5-A828-01FA081F89D2" otype="FKIndexAssociation" vid_source="B3EF73D1-1282-22CC-B164-F2A4FAF0F00B" vid_target="D6A83EF5-DA61-2FA6-8E8B-EC8B764896C3">
<hideElementsInCurrentOnly>false</hideElementsInCurrentOnly>
<backgroundColor>-16777216</backgroundColor>
<lineWidth>1</lineWidth>
<points>
<point x="611" y="529"/>
<point x="582" y="529"/>
</points>
</Connector>
</connectors>
</Diagram>
