<?xml version = '1.0' encoding = 'UTF-8'?>
<FKIndexAssociation class="oracle.dbtools.crest.model.design.relational.FKIndexAssociation" directorySegmentName="seg_0" id="0AA281CC-73FE-766C-B40E-4575BED93EE2" containerWithKeyObject="3357D961-9993-0759-2ABC-6AF024D6D464" localFKIndex="2686FA1F-2E25-4035-2EC5-18932837146C" name="Aktivan Član_Paket_FK">
<createdBy>test</createdBy>
<createdTime>2022-10-26 11:55:53 UTC</createdTime>
<ownerDesignName>ActivePass</ownerDesignName>
<referredTableLongName>Paket</referredTableLongName>
<deleteRule>NO ACTION</deleteRule>
<referredTableID>A5E271C7-13B1-1B45-CEC0-1280B851DA51</referredTableID>
<keyObject>DFC43599-D150-4BAD-B997-7F282871EEBC</keyObject>
<referredKeyID>DFC43599-D150-4BAD-B997-7F282871EEBC</referredKeyID>
<mandatory>true</mandatory>
<refColNames>ID paketa</refColNames>
<transferable>true</transferable>
<rely>false</rely>
<columnDependencyConstraintGenerateInDDL>true</columnDependencyConstraintGenerateInDDL>
</FKIndexAssociation>
