<?xml version = '1.0' encoding = 'UTF-8'?>
<FKIndexAssociation class="oracle.dbtools.crest.model.design.relational.FKIndexAssociation" directorySegmentName="seg_0" id="1FA6D273-8401-0F28-D416-5E936FF2D651" containerWithKeyObject="89D90EC7-2B61-F170-B742-C9E74C8AB329" localFKIndex="04A4C135-C562-69F0-E837-5E33BDD4BF3B" name="Korisnik_Lokacija_FK">
<createdBy>test</createdBy>
<createdTime>2022-10-26 11:46:41 UTC</createdTime>
<ownerDesignName>ActivePass</ownerDesignName>
<referredTableLongName>Lokacija</referredTableLongName>
<deleteRule>NO ACTION</deleteRule>
<referredTableID>27A51116-F155-6E40-AD3B-22AA9ECEFEC3</referredTableID>
<keyObject>F3D5282E-AAEA-AF04-A546-AB0581319F88</keyObject>
<referredKeyID>F3D5282E-AAEA-AF04-A546-AB0581319F88</referredKeyID>
<mandatory>true</mandatory>
<refColNames>GPS koordinate</refColNames>
<transferable>true</transferable>
<rely>false</rely>
<columnDependencyConstraintGenerateInDDL>true</columnDependencyConstraintGenerateInDDL>
</FKIndexAssociation>
