<?xml version = '1.0' encoding = 'UTF-8'?>
<FKIndexAssociation class="oracle.dbtools.crest.model.design.relational.FKIndexAssociation" directorySegmentName="seg_0" id="673F0030-E737-9528-27CD-0ED9F02DE5C3" containerWithKeyObject="228C7F8B-2EC4-9E41-7F8D-CFA8D27BA2D9" localFKIndex="B265C649-6A7E-8CF5-77D0-62BC0B8EB00B" name="Objerkat_Lokacija_FK">
<createdBy>test</createdBy>
<createdTime>2022-10-21 17:43:08 UTC</createdTime>
<ownerDesignName>ActivePass</ownerDesignName>
<referredTableLongName>Lokacija</referredTableLongName>
<deleteRule>NO ACTION</deleteRule>
<referredTableID>27A51116-F155-6E40-AD3B-22AA9ECEFEC3</referredTableID>
<keyObject>F3D5282E-AAEA-AF04-A546-AB0581319F88</keyObject>
<referredKeyID>F3D5282E-AAEA-AF04-A546-AB0581319F88</referredKeyID>
<mandatory>true</mandatory>
<refColNames>GPS koordinate</refColNames>
<transferable>true</transferable>
<rely>false</rely>
<columnDependencyConstraintGenerateInDDL>true</columnDependencyConstraintGenerateInDDL>
</FKIndexAssociation>
