<?xml version = '1.0' encoding = 'UTF-8'?>
<FKIndexAssociation class="oracle.dbtools.crest.model.design.relational.FKIndexAssociation" directorySegmentName="seg_0" id="84CD06B9-7579-17C3-A9EE-02291C6AD592" containerWithKeyObject="649A0FCF-248E-B02D-64C8-3C272CF2ADFA" localFKIndex="1108EC09-984B-0BDE-9A2E-00990DA38443" name="Beneficije_Paket_FK">
<createdBy>test</createdBy>
<createdTime>2022-10-26 11:50:38 UTC</createdTime>
<ownerDesignName>ActivePass</ownerDesignName>
<referredTableLongName>Paket</referredTableLongName>
<deleteRule>NO ACTION</deleteRule>
<referredTableID>A5E271C7-13B1-1B45-CEC0-1280B851DA51</referredTableID>
<keyObject>DFC43599-D150-4BAD-B997-7F282871EEBC</keyObject>
<referredKeyID>DFC43599-D150-4BAD-B997-7F282871EEBC</referredKeyID>
<mandatory>true</mandatory>
<refColNames>ID paketa</refColNames>
<transferable>true</transferable>
<rely>false</rely>
<columnDependencyConstraintGenerateInDDL>true</columnDependencyConstraintGenerateInDDL>
</FKIndexAssociation>
