<?xml version = '1.0' encoding = 'UTF-8'?>
<FKIndexAssociation class="oracle.dbtools.crest.model.design.relational.FKIndexAssociation" directorySegmentName="seg_0" id="92B83044-6071-D2F5-D7F2-414FA2AA341D" containerWithKeyObject="C23FEA9E-86EF-FAC6-5015-42F63683DBED" localFKIndex="0C31C550-EAA6-8D1C-8A53-FFAFBA7F421A" name="Komentarisanje">
<createdBy>test</createdBy>
<createdTime>2022-10-21 17:38:23 UTC</createdTime>
<ownerDesignName>ActivePass</ownerDesignName>
<referredTableLongName>Korisnik</referredTableLongName>
<deleteRule>NO ACTION</deleteRule>
<referredTableID>89D90EC7-2B61-F170-B742-C9E74C8AB329</referredTableID>
<keyObject>5746A5F4-2530-0D31-88EA-A6EAF0E84720</keyObject>
<referredKeyID>5746A5F4-2530-0D31-88EA-A6EAF0E84720</referredKeyID>
<mandatory>true</mandatory>
<refColNames>Broj naloga</refColNames>
<transferable>true</transferable>
<rely>false</rely>
<columnDependencyConstraintGenerateInDDL>true</columnDependencyConstraintGenerateInDDL>
</FKIndexAssociation>
