<?xml version = '1.0' encoding = 'UTF-8'?>
<FKIndexAssociation class="oracle.dbtools.crest.model.design.relational.FKIndexAssociation" directorySegmentName="seg_0" id="D8013424-3013-3D85-9E30-46F0C6D1FB8F" containerWithKeyObject="649A0FCF-248E-B02D-64C8-3C272CF2ADFA" localFKIndex="747DBC1B-46EE-12D5-7435-9E240229E97E" name="Beneficije_Saradnici_FK">
<createdBy>test</createdBy>
<createdTime>2022-10-26 11:53:25 UTC</createdTime>
<ownerDesignName>ActivePass</ownerDesignName>
<referredTableLongName>Saradnici</referredTableLongName>
<deleteRule>NO ACTION</deleteRule>
<referredTableID>193427B7-105E-8B0E-65EC-CB32DBA4EED3</referredTableID>
<keyObject>DA77EAE8-A6D3-C345-EADC-1AB89E81D478</keyObject>
<referredKeyID>DA77EAE8-A6D3-C345-EADC-1AB89E81D478</referredKeyID>
<mandatory>true</mandatory>
<refColNames>ID Saradnika</refColNames>
<transferable>true</transferable>
<rely>false</rely>
<columnDependencyConstraintGenerateInDDL>true</columnDependencyConstraintGenerateInDDL>
</FKIndexAssociation>
