<?xml version = '1.0' encoding = 'UTF-8'?>
<Diagram class="oracle.dbtools.crest.swingui.relational.DPVRelational" name="Relational_1" id="E1104CED-AAFD-B214-25CF-DF9618381148">
<createdBy>test</createdBy>
<modifiedBy>test</modifiedBy>
<createdTime>2022-10-14 09:53:33 UTC</createdTime>
<autoRoute>false</autoRoute>
<boxInbox>true</boxInbox>
<showLegend>false</showLegend>
<showLabels>false</showLabels>
<showRelAttributes>false</showRelAttributes>
<gridEnabled>false</gridEnabled>
<showGrid>false</showGrid>
<diagramColor>-1</diagramColor>
<display>false</display>
<notation>1</notation>
<objectViews>
<OView class="oracle.dbtools.crest.swingui.relational.TVTable" oid="156C9131-BDA0-69DE-0D90-586F286F616F" otype="Table" vid="DE3F6226-5C6B-F154-D9E5-4568DA85B6CC">
<hideElementsInCurrentOnly>false</hideElementsInCurrentOnly>
<bounds x="1170" y="599" width="170" height="110"/>
</OView>
<OView class="oracle.dbtools.crest.swingui.relational.TVTable" oid="193427B7-105E-8B0E-65EC-CB32DBA4EED3" otype="Table" vid="4DA30A32-DE5B-3A48-8285-00CE1980F951">
<hideElementsInCurrentOnly>false</hideElementsInCurrentOnly>
<bounds x="898" y="0" width="170" height="112"/>
</OView>
<OView class="oracle.dbtools.crest.swingui.relational.TVTable" oid="1ABB846F-09B0-4567-C36E-C561C58C679B" otype="Table" vid="E41231F5-9E5F-4A7B-4834-B259A9B0F231">
<hideElementsInCurrentOnly>false</hideElementsInCurrentOnly>
<bounds x="502" y="0" width="170" height="110"/>
</OView>
<OView class="oracle.dbtools.crest.swingui.relational.TVTable" oid="1E6E8109-044E-A94F-9339-8EE067E87C7C" otype="Table" vid="FFCCC522-E77B-23E8-B5AF-23399A91E8B6">
<hideElementsInCurrentOnly>false</hideElementsInCurrentOnly>
<bounds x="866" y="609" width="233" height="166"/>
</OView>
<OView class="oracle.dbtools.crest.swingui.relational.TVTable" oid="228C7F8B-2EC4-9E41-7F8D-CFA8D27BA2D9" otype="Table" vid="1386AF12-8D1D-988B-432A-0DE0CD3BAB23">
<hideElementsInCurrentOnly>false</hideElementsInCurrentOnly>
<bounds x="235" y="284" width="170" height="114"/>
</OView>
<OView class="oracle.dbtools.crest.swingui.relational.TVTable" oid="27A51116-F155-6E40-AD3B-22AA9ECEFEC3" otype="Table" vid="6BF9143F-36F9-F55E-8B8B-857B83047C40">
<hideElementsInCurrentOnly>false</hideElementsInCurrentOnly>
<bounds x="0" y="322" width="173" height="114"/>
</OView>
<OView class="oracle.dbtools.crest.swingui.relational.TVTable" oid="27A51116-F155-6E40-AD3B-22AA9ECEFEC3" otype="Table" vid="3DBBA9E7-5AFC-69A7-2BD4-3689BBB1FCFC" vnum="1">
<hideElementsInCurrentOnly>false</hideElementsInCurrentOnly>
<bounds x="1182" y="289" width="173" height="120"/>
</OView>
<OView class="oracle.dbtools.crest.swingui.relational.TVTable" oid="3357D961-9993-0759-2ABC-6AF024D6D464" otype="Table" vid="B3EF73D1-1282-22CC-B164-F2A4FAF0F00B">
<hideElementsInCurrentOnly>false</hideElementsInCurrentOnly>
<bounds x="611" y="471" width="170" height="115"/>
</OView>
<OView class="oracle.dbtools.crest.swingui.relational.TVTable" oid="34E31817-3DA7-31F1-73FE-38FA14441E60" otype="Table" vid="9C0148A6-F522-AC69-050E-FA37B3C0CBD8">
<hideElementsInCurrentOnly>false</hideElementsInCurrentOnly>
<bounds x="232" y="146" width="170" height="110"/>
</OView>
<OView class="oracle.dbtools.crest.swingui.relational.TVTable" oid="36F4EFF3-4243-7C40-D705-DED4C6E607BA" otype="Table" vid="D6A83EF5-DA61-2FA6-8E8B-EC8B764896C3">
<hideElementsInCurrentOnly>false</hideElementsInCurrentOnly>
<bounds x="398" y="441" width="170" height="115"/>
</OView>
<OView class="oracle.dbtools.crest.swingui.relational.TVTable" oid="3A21E9A9-7507-F9E7-D52C-06D867B44C49" otype="Table" vid="7CF3856D-3E2D-0FE4-EBE6-127196AA3D73">
<hideElementsInCurrentOnly>false</hideElementsInCurrentOnly>
<bounds x="791" y="392" width="170" height="115"/>
</OView>
<OView class="oracle.dbtools.crest.swingui.relational.TVTable" oid="3B4221DD-7941-EE3F-FE7B-CC48D959866E" otype="Table" vid="901B4842-11AF-A23A-6CBE-59E2FBB5C806">
<hideElementsInCurrentOnly>false</hideElementsInCurrentOnly>
<bounds x="846" y="840" width="170" height="116"/>
</OView>
<OView class="oracle.dbtools.crest.swingui.relational.TVTable" oid="44E68AA0-9B34-FF5F-F57C-AEF90258867A" otype="Table" vid="C3D0D1F4-A7E1-5D83-A3D9-6CF1A3EC4251">
<hideElementsInCurrentOnly>false</hideElementsInCurrentOnly>
<bounds x="112" y="447" width="170" height="115"/>
</OView>
<OView class="oracle.dbtools.crest.swingui.relational.TVTable" oid="4845C0D5-844A-E471-D34A-91D1252B8523" otype="Table" vid="594908E7-FBFA-F768-5828-A7F3031423CF">
<hideElementsInCurrentOnly>false</hideElementsInCurrentOnly>
<bounds x="732" y="981" width="170" height="116"/>
</OView>
<OView class="oracle.dbtools.crest.swingui.relational.TVTable" oid="649A0FCF-248E-B02D-64C8-3C272CF2ADFA" otype="Table" vid="66A15C3F-4D37-A3E9-5495-327FDE676C4D">
<hideElementsInCurrentOnly>false</hideElementsInCurrentOnly>
<bounds x="696" y="1" width="170" height="110"/>
</OView>
<OView class="oracle.dbtools.crest.swingui.relational.TVTable" oid="6D4A1C64-6740-A673-CD81-99A0786A47A8" otype="Table" vid="7FF3C9A9-351F-308B-DB21-6C6D5AA6593A">
<hideElementsInCurrentOnly>false</hideElementsInCurrentOnly>
<bounds x="260" y="597" width="170" height="113"/>
</OView>
<OView class="oracle.dbtools.crest.swingui.relational.TVTable" oid="6E84A6EC-D1B5-C16A-62B9-2653FF23AF44" otype="Table" vid="E5B3A9CE-3625-D3D2-8C7C-4979A78788F7">
<hideElementsInCurrentOnly>false</hideElementsInCurrentOnly>
<bounds x="1169" y="720" width="170" height="110"/>
</OView>
<OView class="oracle.dbtools.crest.swingui.relational.TVTable" oid="741ABC12-8DA2-CFF6-A7BD-6B62A074981E" otype="Table" vid="DA20D22F-C8DB-9B8E-A249-474CCAA3B9B4">
<hideElementsInCurrentOnly>false</hideElementsInCurrentOnly>
<bounds x="652" y="630" width="170" height="110"/>
</OView>
<OView class="oracle.dbtools.crest.swingui.relational.TVTable" oid="89D90EC7-2B61-F170-B742-C9E74C8AB329" otype="Table" vid="A61F8995-0369-4AE7-74D3-30D2686B21A3">
<hideElementsInCurrentOnly>false</hideElementsInCurrentOnly>
<bounds x="737" y="207" width="170" height="117"/>
</OView>
<OView class="oracle.dbtools.crest.swingui.relational.TVTable" oid="A5E271C7-13B1-1B45-CEC0-1280B851DA51" otype="Table" vid="B649BBC1-0218-5465-7090-C0848301DB38">
<hideElementsInCurrentOnly>false</hideElementsInCurrentOnly>
<bounds x="490" y="205" width="182" height="162"/>
</OView>
<OView class="oracle.dbtools.crest.swingui.relational.TVTable" oid="C23FEA9E-86EF-FAC6-5015-42F63683DBED" otype="Table" vid="D7175699-461E-ADC7-CE4F-48DB8B57EC48">
<hideElementsInCurrentOnly>false</hideElementsInCurrentOnly>
<bounds x="0" y="198" width="170" height="112"/>
</OView>
<OView class="oracle.dbtools.crest.swingui.relational.TVTable" oid="C23FEA9E-86EF-FAC6-5015-42F63683DBED" otype="Table" vid="5A9AEC46-A09D-C2BF-8E6D-D48951E2348B" vnum="1">
<hideElementsInCurrentOnly>false</hideElementsInCurrentOnly>
<bounds x="1182" y="155" width="170" height="118"/>
</OView>
<OView class="oracle.dbtools.crest.swingui.relational.TVTable" oid="CD208BEA-B3C1-44CF-C650-30B72386E010" otype="Table" vid="D5942EC5-D4C3-CAB1-D988-E1455F55FD5F">
<hideElementsInCurrentOnly>false</hideElementsInCurrentOnly>
<bounds x="1042" y="842" width="212" height="116"/>
</OView>
<OView class="oracle.dbtools.crest.swingui.relational.TVTable" oid="E2BB08EB-2B8B-52EC-9FE9-E91C623E4893" otype="Table" vid="DB398BFD-BE78-8C47-F4AA-3B1881299EB4">
<hideElementsInCurrentOnly>false</hideElementsInCurrentOnly>
<bounds x="649" y="838" width="170" height="116"/>
</OView>
<OView class="oracle.dbtools.crest.swingui.relational.TVTable" oid="E450161C-3AD8-5260-3284-A4F27EC05BD1" otype="Table" vid="16260B3C-3C68-F5EC-06C5-23F299AE7D38">
<hideElementsInCurrentOnly>false</hideElementsInCurrentOnly>
<bounds x="1083" y="457" width="170" height="110"/>
</OView>
<OView class="oracle.dbtools.crest.swingui.relational.TVTable" oid="EA2D6FA1-0208-BCDF-D58E-CA4C03A20962" otype="Table" vid="278D1E1F-D8E1-A10F-24F6-47AF9F9077BB">
<hideElementsInCurrentOnly>false</hideElementsInCurrentOnly>
<bounds x="311" y="0" width="170" height="110"/>
</OView>
<OView class="oracle.dbtools.crest.swingui.relational.TVTable" oid="F5C23997-691E-35E5-469E-0C7AD88D3A97" otype="Table" vid="997F84B9-B7BD-CD6E-79B0-F6EFB03AD9AA">
<hideElementsInCurrentOnly>false</hideElementsInCurrentOnly>
<bounds x="444" y="598" width="170" height="110"/>
</OView>
</objectViews>
<connectors>
<Connector class="oracle.dbtools.crest.swingui.relational.TVFKRelation" oid="00E7018C-54A1-6CC3-41C8-1F1076994745" otype="FKIndexAssociation" vid_source="A61F8995-0369-4AE7-74D3-30D2686B21A3" vid_target="7CF3856D-3E2D-0FE4-EBE6-127196AA3D73">
<hideElementsInCurrentOnly>false</hideElementsInCurrentOnly>
<backgroundColor>-16777216</backgroundColor>
<lineWidth>1</lineWidth>
<points>
<point x="849" y="324"/>
<point x="849" y="392"/>
</points>
</Connector>
<Connector class="oracle.dbtools.crest.swingui.relational.TVFKRelation" oid="13607B4C-D825-D4F7-96DE-7D721559BFD6" otype="FKIndexAssociation" vid_source="B649BBC1-0218-5465-7090-C0848301DB38" vid_target="1386AF12-8D1D-988B-432A-0DE0CD3BAB23">
<hideElementsInCurrentOnly>false</hideElementsInCurrentOnly>
<backgroundColor>-16777216</backgroundColor>
<lineWidth>1</lineWidth>
<points>
<point x="490" y="325"/>
<point x="405" y="325"/>
</points>
</Connector>
<Connector class="oracle.dbtools.crest.swingui.relational.TVFKRelation" oid="1C8E1F85-6648-FA43-A4E6-A224E2A8E523" otype="FKIndexAssociation" vid_source="B3EF73D1-1282-22CC-B164-F2A4FAF0F00B" vid_target="FFCCC522-E77B-23E8-B5AF-23399A91E8B6">
<hideElementsInCurrentOnly>false</hideElementsInCurrentOnly>
<backgroundColor>-16777216</backgroundColor>
<lineWidth>1</lineWidth>
<points>
<point x="781" y="586"/>
<point x="866" y="618"/>
</points>
</Connector>
<Connector class="oracle.dbtools.crest.swingui.relational.TVFKRelation" oid="1CADC816-EEE5-B82A-436C-C6A85DF5EA77" otype="FKIndexAssociation" vid_source="1386AF12-8D1D-988B-432A-0DE0CD3BAB23" vid_target="9C0148A6-F522-AC69-050E-FA37B3C0CBD8">
<hideElementsInCurrentOnly>false</hideElementsInCurrentOnly>
<backgroundColor>-16777216</backgroundColor>
<lineWidth>1</lineWidth>
<points>
<point x="318" y="284"/>
<point x="318" y="256"/>
</points>
</Connector>
<Connector class="oracle.dbtools.crest.swingui.relational.TVFKRelation" oid="1FA6D273-8401-0F28-D416-5E936FF2D651" otype="FKIndexAssociation" vid_source="3DBBA9E7-5AFC-69A7-2BD4-3689BBB1FCFC" vid_target="A61F8995-0369-4AE7-74D3-30D2686B21A3">
<hideElementsInCurrentOnly>false</hideElementsInCurrentOnly>
<backgroundColor>-16777216</backgroundColor>
<lineWidth>1</lineWidth>
<points>
<point x="1182" y="306"/>
<point x="907" y="306"/>
</points>
</Connector>
<Connector class="oracle.dbtools.crest.swingui.relational.TVFKRelation" oid="29F7C0EC-6DBF-DDC0-24DA-53834CDF6135" otype="FKIndexAssociation" vid_source="DB398BFD-BE78-8C47-F4AA-3B1881299EB4" vid_target="594908E7-FBFA-F768-5828-A7F3031423CF">
<hideElementsInCurrentOnly>false</hideElementsInCurrentOnly>
<backgroundColor>-16777216</backgroundColor>
<lineWidth>1</lineWidth>
<points>
<point x="775" y="954"/>
<point x="775" y="981"/>
</points>
</Connector>
<Connector class="oracle.dbtools.crest.swingui.relational.TVFKRelation" oid="2C30451B-7B2E-9252-437C-4DF81F8EF2C8" otype="FKIndexAssociation" vid_source="B649BBC1-0218-5465-7090-C0848301DB38" vid_target="A61F8995-0369-4AE7-74D3-30D2686B21A3">
<hideElementsInCurrentOnly>false</hideElementsInCurrentOnly>
<backgroundColor>-16777216</backgroundColor>
<lineWidth>1</lineWidth>
<points>
<point x="672" y="265"/>
<point x="737" y="265"/>
</points>
</Connector>
<Connector class="oracle.dbtools.crest.swingui.relational.TVFKRelation" oid="36C61759-524E-F33D-3C1A-AB9C060BDB82" otype="FKIndexAssociation" vid_source="D5942EC5-D4C3-CAB1-D988-E1455F55FD5F" vid_target="FFCCC522-E77B-23E8-B5AF-23399A91E8B6">
<hideElementsInCurrentOnly>false</hideElementsInCurrentOnly>
<backgroundColor>-16777216</backgroundColor>
<lineWidth>1</lineWidth>
<points>
<point x="1070" y="842"/>
<point x="1070" y="775"/>
</points>
</Connector>
<Connector class="oracle.dbtools.crest.swingui.relational.TVFKRelation" oid="36E91209-2A80-AD24-CE17-DE1D3566C843" otype="FKIndexAssociation" vid_source="7FF3C9A9-351F-308B-DB21-6C6D5AA6593A" vid_target="1386AF12-8D1D-988B-432A-0DE0CD3BAB23">
<hideElementsInCurrentOnly>false</hideElementsInCurrentOnly>
<backgroundColor>-16777216</backgroundColor>
<lineWidth>1</lineWidth>
<points>
<point x="332" y="597"/>
<point x="332" y="398"/>
</points>
</Connector>
<Connector class="oracle.dbtools.crest.swingui.relational.TVFKRelation" oid="385F2F2F-51CA-ADAB-3A84-D2F209F8D5D9" otype="FKIndexAssociation" vid_source="A61F8995-0369-4AE7-74D3-30D2686B21A3" vid_target="5A9AEC46-A09D-C2BF-8E6D-D48951E2348B">
<hideElementsInCurrentOnly>false</hideElementsInCurrentOnly>
<backgroundColor>-16777216</backgroundColor>
<lineWidth>1</lineWidth>
<points>
<point x="907" y="240"/>
<point x="1182" y="240"/>
</points>
</Connector>
<Connector class="oracle.dbtools.crest.swingui.relational.TVFKRelation" oid="388C4E31-3B99-695F-41BB-DA6E9F4975DC" otype="FKIndexAssociation" vid_source="DE3F6226-5C6B-F154-D9E5-4568DA85B6CC" vid_target="FFCCC522-E77B-23E8-B5AF-23399A91E8B6">
<hideElementsInCurrentOnly>false</hideElementsInCurrentOnly>
<backgroundColor>-16777216</backgroundColor>
<lineWidth>1</lineWidth>
<points>
<point x="1170" y="659"/>
<point x="1099" y="659"/>
</points>
</Connector>
<Connector class="oracle.dbtools.crest.swingui.relational.TVFKRelation" oid="39215E57-ABA4-3E19-190F-80B276EB5042" otype="FKIndexAssociation" vid_source="901B4842-11AF-A23A-6CBE-59E2FBB5C806" vid_target="D5942EC5-D4C3-CAB1-D988-E1455F55FD5F">
<hideElementsInCurrentOnly>false</hideElementsInCurrentOnly>
<backgroundColor>-16777216</backgroundColor>
<lineWidth>1</lineWidth>
<points>
<point x="1016" y="899"/>
<point x="1042" y="899"/>
</points>
</Connector>
<Connector class="oracle.dbtools.crest.swingui.relational.TVFKRelation" oid="3DEBB04A-AB1F-04B5-FF93-9DE27D195C2E" otype="FKIndexAssociation" vid_source="901B4842-11AF-A23A-6CBE-59E2FBB5C806" vid_target="FFCCC522-E77B-23E8-B5AF-23399A91E8B6">
<hideElementsInCurrentOnly>false</hideElementsInCurrentOnly>
<backgroundColor>-16777216</backgroundColor>
<lineWidth>1</lineWidth>
<points>
<point x="926" y="840"/>
<point x="926" y="775"/>
</points>
</Connector>
<Connector class="oracle.dbtools.crest.swingui.relational.TVFKRelation" oid="478B56DB-C3A7-1D94-C4E8-EC0BA35297AF" otype="FKIndexAssociation" vid_source="278D1E1F-D8E1-A10F-24F6-47AF9F9077BB" vid_target="B649BBC1-0218-5465-7090-C0848301DB38">
<hideElementsInCurrentOnly>false</hideElementsInCurrentOnly>
<backgroundColor>-16777216</backgroundColor>
<lineWidth>1</lineWidth>
<points>
<point x="440" y="110"/>
<point x="516" y="205"/>
</points>
</Connector>
<Connector class="oracle.dbtools.crest.swingui.relational.TVFKRelation" oid="4F1DFEF9-D1A8-763E-526D-9F49EE8D5472" otype="FKIndexAssociation" vid_source="594908E7-FBFA-F768-5828-A7F3031423CF" vid_target="901B4842-11AF-A23A-6CBE-59E2FBB5C806">
<hideElementsInCurrentOnly>false</hideElementsInCurrentOnly>
<backgroundColor>-16777216</backgroundColor>
<lineWidth>1</lineWidth>
<points>
<point x="874" y="981"/>
<point x="874" y="956"/>
</points>
</Connector>
<Connector class="oracle.dbtools.crest.swingui.relational.TVFKRelation" oid="5B0089A5-F24F-B794-86AC-DE4D0B8385F1" otype="FKIndexAssociation" vid_source="E5B3A9CE-3625-D3D2-8C7C-4979A78788F7" vid_target="FFCCC522-E77B-23E8-B5AF-23399A91E8B6">
<hideElementsInCurrentOnly>false</hideElementsInCurrentOnly>
<backgroundColor>-16777216</backgroundColor>
<lineWidth>1</lineWidth>
<points>
<point x="1169" y="747"/>
<point x="1099" y="747"/>
</points>
</Connector>
<Connector class="oracle.dbtools.crest.swingui.relational.TVFKRelation" oid="5E715B28-24A7-1F12-5D7A-012BF195EF5A" otype="FKIndexAssociation" vid_source="E41231F5-9E5F-4A7B-4834-B259A9B0F231" vid_target="B649BBC1-0218-5465-7090-C0848301DB38">
<hideElementsInCurrentOnly>false</hideElementsInCurrentOnly>
<backgroundColor>-16777216</backgroundColor>
<lineWidth>1</lineWidth>
<points>
<point x="587" y="110"/>
<point x="587" y="205"/>
</points>
</Connector>
<Connector class="oracle.dbtools.crest.swingui.relational.TVFKRelation" oid="673F0030-E737-9528-27CD-0ED9F02DE5C3" otype="FKIndexAssociation" vid_source="6BF9143F-36F9-F55E-8B8B-857B83047C40" vid_target="1386AF12-8D1D-988B-432A-0DE0CD3BAB23">
<hideElementsInCurrentOnly>false</hideElementsInCurrentOnly>
<backgroundColor>-16777216</backgroundColor>
<lineWidth>1</lineWidth>
<points>
<point x="173" y="360"/>
<point x="235" y="360"/>
</points>
</Connector>
<Connector class="oracle.dbtools.crest.swingui.relational.TVFKRelation" oid="6A4933EE-FA82-9462-6ABF-820B223BD10D" otype="FKIndexAssociation" vid_source="DB398BFD-BE78-8C47-F4AA-3B1881299EB4" vid_target="FFCCC522-E77B-23E8-B5AF-23399A91E8B6">
<hideElementsInCurrentOnly>false</hideElementsInCurrentOnly>
<backgroundColor>-16777216</backgroundColor>
<lineWidth>1</lineWidth>
<points>
<point x="804" y="838"/>
<point x="881" y="775"/>
</points>
</Connector>
<Connector class="oracle.dbtools.crest.swingui.relational.TVFKRelation" oid="75737FA8-3AAC-F159-0111-60BFD72F7E89" otype="FKIndexAssociation" vid_source="1386AF12-8D1D-988B-432A-0DE0CD3BAB23" vid_target="D6A83EF5-DA61-2FA6-8E8B-EC8B764896C3">
<hideElementsInCurrentOnly>false</hideElementsInCurrentOnly>
<backgroundColor>-16777216</backgroundColor>
<lineWidth>1</lineWidth>
<points>
<point x="401" y="398"/>
<point x="401" y="441"/>
</points>
</Connector>
<Connector class="oracle.dbtools.crest.swingui.relational.TVFKRelation" oid="78E5963A-BE4F-2780-152A-41589C5D0129" otype="FKIndexAssociation" vid_source="FFCCC522-E77B-23E8-B5AF-23399A91E8B6" vid_target="16260B3C-3C68-F5EC-06C5-23F299AE7D38">
<hideElementsInCurrentOnly>false</hideElementsInCurrentOnly>
<backgroundColor>-16777216</backgroundColor>
<lineWidth>1</lineWidth>
<points>
<point x="1091" y="609"/>
<point x="1091" y="567"/>
</points>
</Connector>
<Connector class="oracle.dbtools.crest.swingui.relational.TVFKRelation" oid="84CD06B9-7579-17C3-A9EE-02291C6AD592" otype="FKIndexAssociation" vid_source="B649BBC1-0218-5465-7090-C0848301DB38" vid_target="66A15C3F-4D37-A3E9-5495-327FDE676C4D">
<hideElementsInCurrentOnly>false</hideElementsInCurrentOnly>
<backgroundColor>-16777216</backgroundColor>
<lineWidth>1</lineWidth>
<points>
<point x="651" y="205"/>
<point x="733" y="111"/>
</points>
</Connector>
<Connector class="oracle.dbtools.crest.swingui.relational.TVFKRelation" oid="8ECA0C70-E576-A7E0-3A7F-2841FC8603BA" otype="FKIndexAssociation" vid_source="B3EF73D1-1282-22CC-B164-F2A4FAF0F00B" vid_target="DA20D22F-C8DB-9B8E-A249-474CCAA3B9B4">
<hideElementsInCurrentOnly>false</hideElementsInCurrentOnly>
<backgroundColor>-16777216</backgroundColor>
<lineWidth>1</lineWidth>
<points>
<point x="716" y="586"/>
<point x="716" y="630"/>
</points>
</Connector>
<Connector class="oracle.dbtools.crest.swingui.relational.TVFKRelation" oid="90DC2741-F7CF-9A6D-16F0-002DF95182A8" otype="FKIndexAssociation" vid_source="997F84B9-B7BD-CD6E-79B0-F6EFB03AD9AA" vid_target="D6A83EF5-DA61-2FA6-8E8B-EC8B764896C3">
<hideElementsInCurrentOnly>false</hideElementsInCurrentOnly>
<backgroundColor>-16777216</backgroundColor>
<lineWidth>1</lineWidth>
<points>
<point x="506" y="598"/>
<point x="506" y="556"/>
</points>
</Connector>
<Connector class="oracle.dbtools.crest.swingui.relational.TVFKRelation" oid="AE14090F-DF10-985A-5792-1FE2EC7A9483" otype="FKIndexAssociation" vid_source="C3D0D1F4-A7E1-5D83-A3D9-6CF1A3EC4251" vid_target="1386AF12-8D1D-988B-432A-0DE0CD3BAB23">
<hideElementsInCurrentOnly>false</hideElementsInCurrentOnly>
<backgroundColor>-16777216</backgroundColor>
<lineWidth>1</lineWidth>
<points>
<point x="258" y="447"/>
<point x="258" y="398"/>
</points>
</Connector>
<Connector class="oracle.dbtools.crest.swingui.relational.TVFKRelation" oid="B8393944-DF33-0625-E28B-4BA3CBDC3D95" otype="FKIndexAssociation" vid_source="A61F8995-0369-4AE7-74D3-30D2686B21A3" vid_target="B3EF73D1-1282-22CC-B164-F2A4FAF0F00B">
<hideElementsInCurrentOnly>false</hideElementsInCurrentOnly>
<backgroundColor>-16777216</backgroundColor>
<lineWidth>1</lineWidth>
<points>
<point x="774" y="324"/>
<point x="774" y="471"/>
</points>
</Connector>
<Connector class="oracle.dbtools.crest.swingui.relational.TVFKRelation" oid="CA72E74A-4C07-7887-D9EF-07AF1823CC0F" otype="FKIndexAssociation" vid_source="594908E7-FBFA-F768-5828-A7F3031423CF" vid_target="DB398BFD-BE78-8C47-F4AA-3B1881299EB4">
<hideElementsInCurrentOnly>false</hideElementsInCurrentOnly>
<backgroundColor>-16777216</backgroundColor>
<lineWidth>1</lineWidth>
<points>
<point x="790" y="981"/>
<point x="790" y="954"/>
</points>
</Connector>
<Connector class="oracle.dbtools.crest.swingui.relational.TVFKRelation" oid="D8013424-3013-3D85-9E30-46F0C6D1FB8F" otype="FKIndexAssociation" vid_source="4DA30A32-DE5B-3A48-8285-00CE1980F951" vid_target="66A15C3F-4D37-A3E9-5495-327FDE676C4D">
<hideElementsInCurrentOnly>false</hideElementsInCurrentOnly>
<backgroundColor>-16777216</backgroundColor>
<lineWidth>1</lineWidth>
<points>
<point x="898" y="56"/>
<point x="866" y="56"/>
</points>
</Connector>
<Connector class="oracle.dbtools.crest.swingui.relational.TVFKRelation" oid="DAD91B95-3CAF-D519-73B6-5E1BCEAAF344" otype="FKIndexAssociation" vid_source="1386AF12-8D1D-988B-432A-0DE0CD3BAB23" vid_target="D7175699-461E-ADC7-CE4F-48DB8B57EC48">
<hideElementsInCurrentOnly>false</hideElementsInCurrentOnly>
<backgroundColor>-16777216</backgroundColor>
<lineWidth>1</lineWidth>
<points>
<point x="235" y="297"/>
<point x="170" y="297"/>
</points>
</Connector>
<Connector class="oracle.dbtools.crest.swingui.relational.TVFKRelation" oid="E149B894-83A3-07CA-F2A2-38CA6CBFDD5F" otype="FKIndexAssociation" vid_source="FFCCC522-E77B-23E8-B5AF-23399A91E8B6" vid_target="901B4842-11AF-A23A-6CBE-59E2FBB5C806">
<hideElementsInCurrentOnly>false</hideElementsInCurrentOnly>
<backgroundColor>-16777216</backgroundColor>
<lineWidth>1</lineWidth>
<points>
<point x="941" y="775"/>
<point x="941" y="840"/>
</points>
</Connector>
<Connector class="oracle.dbtools.crest.swingui.relational.TVFKRelation" oid="E6241AF4-63E6-C62E-51BB-0B90B7C47617" otype="FKIndexAssociation" vid_source="FFCCC522-E77B-23E8-B5AF-23399A91E8B6" vid_target="DA20D22F-C8DB-9B8E-A249-474CCAA3B9B4">
<hideElementsInCurrentOnly>false</hideElementsInCurrentOnly>
<backgroundColor>-16777216</backgroundColor>
<lineWidth>1</lineWidth>
<points>
<point x="866" y="685"/>
<point x="822" y="685"/>
</points>
</Connector>
<Connector class="oracle.dbtools.crest.swingui.relational.TVFKRelation" oid="EC85DB8D-6A05-7D20-F02A-654F425FF32F" otype="FKIndexAssociation" vid_source="7FF3C9A9-351F-308B-DB21-6C6D5AA6593A" vid_target="D6A83EF5-DA61-2FA6-8E8B-EC8B764896C3">
<hideElementsInCurrentOnly>false</hideElementsInCurrentOnly>
<backgroundColor>-16777216</backgroundColor>
<lineWidth>1</lineWidth>
<points>
<point x="414" y="597"/>
<point x="414" y="556"/>
</points>
</Connector>
<Connector class="oracle.dbtools.crest.swingui.relational.TVFKRelation" oid="F8473E63-A6E4-9A9F-7D9D-2A4669E19EFF" otype="FKIndexAssociation" vid_source="1386AF12-8D1D-988B-432A-0DE0CD3BAB23" vid_target="B649BBC1-0218-5465-7090-C0848301DB38">
<hideElementsInCurrentOnly>false</hideElementsInCurrentOnly>
<backgroundColor>-16777216</backgroundColor>
<lineWidth>1</lineWidth>
<points>
<point x="405" y="340"/>
<point x="490" y="340"/>
</points>
</Connector>
<Connector class="oracle.dbtools.crest.swingui.relational.TVFKRelation" oid="FBF11A4F-ECED-82B5-A828-01FA081F89D2" otype="FKIndexAssociation" vid_source="B3EF73D1-1282-22CC-B164-F2A4FAF0F00B" vid_target="D6A83EF5-DA61-2FA6-8E8B-EC8B764896C3">
<hideElementsInCurrentOnly>false</hideElementsInCurrentOnly>
<backgroundColor>-16777216</backgroundColor>
<lineWidth>1</lineWidth>
<points>
<point x="611" y="513"/>
<point x="568" y="513"/>
</points>
</Connector>
</connectors>
</Diagram>
