<?xml version = '1.0' encoding = 'UTF-8'?>
<Table class="oracle.dbtools.crest.model.design.relational.Table" directorySegmentName="seg_0" id="156C9131-BDA0-69DE-0D90-586F286F616F" name="Tip Usluge">
<createdBy>test</createdBy>
<createdTime>2022-10-31 19:05:25 UTC</createdTime>
<ownerDesignName>ActivePass</ownerDesignName>
<ordsAlias>table_26</ordsAlias>
<allowColumnReorder>false</allowColumnReorder>
<existDependencyGenerateInDDl>true</existDependencyGenerateInDDl>
<parsed>true</parsed>
<columns itemClass="oracle.dbtools.crest.model.design.relational.Column">
<Column name="ID Tip Usluge" id="7BF03339-5BFE-AFBC-A95A-D5B683E78CFA">
<createdBy>test</createdBy>
<createdTime>2022-10-31 19:06:08 UTC</createdTime>
<ownerDesignName>ActivePass</ownerDesignName>
<useDomainConstraints>false</useDomainConstraints>
<use>1</use>
<logicalDatatype>LOGDT011</logicalDatatype>
<ownDataTypeParameters>,,</ownDataTypeParameters>
<autoIncrementCycle>false</autoIncrementCycle>
</Column>
<Column name="Naziv usluge" id="DDEDA4C9-1679-CE68-AE27-091F42240128">
<createdBy>test</createdBy>
<createdTime>2022-10-31 19:06:41 UTC</createdTime>
<ownerDesignName>ActivePass</ownerDesignName>
<nullsAllowed>true</nullsAllowed>
<useDomainConstraints>false</useDomainConstraints>
<use>1</use>
<logicalDatatype>LOGDT024</logicalDatatype>
<dataTypeSize>20</dataTypeSize>
<ownDataTypeParameters>20,,</ownDataTypeParameters>
<autoIncrementCycle>false</autoIncrementCycle>
</Column>
</columns>
<indexes itemClass="oracle.dbtools.crest.model.design.relational.Index">
<ind_PK_UK id="64C8CC44-50E2-CD06-0D00-A226FDD6BF71" name="Tip Usluge_PK">
<createdBy>test</createdBy>
<createdTime>2022-10-31 19:06:08 UTC</createdTime>
<ownerDesignName>ActivePass</ownerDesignName>
<pk>true</pk>
<indexState>Primary Constraint</indexState>
<isSurrogateKey>false</isSurrogateKey>
<indexColumnUsage>
<colUsage columnID="7BF03339-5BFE-AFBC-A95A-D5B683E78CFA"/>
</indexColumnUsage>
</ind_PK_UK>
</indexes>
</Table>
