<?xml version = '1.0' encoding = 'UTF-8'?>
<Table class="oracle.dbtools.crest.model.design.relational.Table" directorySegmentName="seg_0" id="1E6E8109-044E-A94F-9339-8EE067E87C7C" name="Usluga Trenera">
<createdBy>test</createdBy>
<createdTime>2022-10-31 18:57:14 UTC</createdTime>
<ownerDesignName>ActivePass</ownerDesignName>
<ordsAlias>table_24</ordsAlias>
<allowColumnReorder>false</allowColumnReorder>
<existDependencyGenerateInDDl>true</existDependencyGenerateInDDl>
<parsed>true</parsed>
<columns itemClass="oracle.dbtools.crest.model.design.relational.Column">
<Column name="ID usluge" id="F583DCED-019F-A178-5E8B-5638799264A0">
<createdBy>test</createdBy>
<createdTime>2022-10-31 19:04:21 UTC</createdTime>
<ownerDesignName>ActivePass</ownerDesignName>
<useDomainConstraints>false</useDomainConstraints>
<use>1</use>
<logicalDatatype>LOGDT011</logicalDatatype>
<ownDataTypeParameters>,,</ownDataTypeParameters>
<autoIncrementCycle>false</autoIncrementCycle>
</Column>
<Column name="Tip Usluge_ID Tip Usluge" id="9E986F54-AF4B-6135-62D6-5E5621BDA93E">
<createdBy>test</createdBy>
<createdTime>2022-10-31 19:07:16 UTC</createdTime>
<ownerDesignName>ActivePass</ownerDesignName>
<useDomainConstraints>false</useDomainConstraints>
<use>1</use>
<logicalDatatype>LOGDT011</logicalDatatype>
<ownDataTypeParameters>,,</ownDataTypeParameters>
<previousColumn>false</previousColumn>
<autoIncrementCycle>false</autoIncrementCycle>
<associations>
<colAssociation fkAssociation="388C4E31-3B99-695F-41BB-DA6E9F4975DC" referredColumn="7BF03339-5BFE-AFBC-A95A-D5B683E78CFA"/>
</associations>
</Column>
<Column name="Trajanje_ID trajanja" id="CB767863-D4F6-59B3-D6FC-45BB97FA49B6">
<createdBy>test</createdBy>
<createdTime>2022-10-31 19:08:58 UTC</createdTime>
<ownerDesignName>ActivePass</ownerDesignName>
<use>0</use>
<ownDataTypeParameters>,,</ownDataTypeParameters>
<previousColumn>false</previousColumn>
<autoIncrementCycle>false</autoIncrementCycle>
<associations>
<colAssociation fkAssociation="5B0089A5-F24F-B794-86AC-DE4D0B8385F1" referredColumn="F6A84A72-8683-D08F-4B8B-6BE2446B127A"/>
</associations>
</Column>
<Column name="Trener_Zaposleni_ID zaposlenog" id="7FDF4790-4490-C5D4-9C23-5844BE476FB4">
<createdBy>test</createdBy>
<createdTime>2022-10-31 19:12:04 UTC</createdTime>
<ownerDesignName>ActivePass</ownerDesignName>
<useDomainConstraints>false</useDomainConstraints>
<use>1</use>
<logicalDatatype>LOGDT011</logicalDatatype>
<ownDataTypeParameters>,,</ownDataTypeParameters>
<previousColumn>false</previousColumn>
<autoIncrementCycle>false</autoIncrementCycle>
<associations>
<colAssociation fkAssociation="3DEBB04A-AB1F-04B5-FF93-9DE27D195C2E" referredColumn="8A9D5886-3602-B2DA-22A8-37E30C02FEA2"/>
</associations>
</Column>
<Column name="Edukator_Trener_Zaposleni_ID zaposlenog" id="1941A276-1969-9E57-28F4-8DDB53540BBE">
<createdBy>test</createdBy>
<createdTime>2022-10-31 19:12:13 UTC</createdTime>
<ownerDesignName>ActivePass</ownerDesignName>
<useDomainConstraints>false</useDomainConstraints>
<use>1</use>
<logicalDatatype>LOGDT011</logicalDatatype>
<ownDataTypeParameters>,,</ownDataTypeParameters>
<previousColumn>false</previousColumn>
<autoIncrementCycle>false</autoIncrementCycle>
<associations>
<colAssociation fkAssociation="36C61759-524E-F33D-3C1A-AB9C060BDB82" referredColumn="A97990FD-951B-D8D4-A1D6-AA29DC7F4086"/>
</associations>
</Column>
<Column name="Disciplina_ID disciplina" id="54D6CE6E-8B4E-C7BA-199E-F73EA2CEE21A">
<createdBy>test</createdBy>
<createdTime>2022-11-01 11:39:31 UTC</createdTime>
<ownerDesignName>ActivePass</ownerDesignName>
<use>0</use>
<ownDataTypeParameters>,,</ownDataTypeParameters>
<previousColumn>false</previousColumn>
<autoIncrementCycle>false</autoIncrementCycle>
<associations>
<colAssociation fkAssociation="6A4933EE-FA82-9462-6ABF-820B223BD10D" referredColumn="0C3083C8-1790-958F-3BD8-2640552F5254"/>
</associations>
</Column>
<Column name="Aktivan Član_Korisnik_Broj naloga" id="A3E1763B-A0BB-C5A5-AB5F-64269C6BECBF">
<createdBy>test</createdBy>
<createdTime>2022-11-01 11:43:13 UTC</createdTime>
<ownerDesignName>ActivePass</ownerDesignName>
<useDomainConstraints>false</useDomainConstraints>
<use>1</use>
<logicalDatatype>LOGDT011</logicalDatatype>
<ownDataTypeParameters>,,</ownDataTypeParameters>
<previousColumn>false</previousColumn>
<autoIncrementCycle>false</autoIncrementCycle>
<associations>
<colAssociation fkAssociation="1C8E1F85-6648-FA43-A4E6-A224E2A8E523" referredColumn="612873FF-53A3-4358-DDE2-27C4EC558EF0"/>
</associations>
</Column>
</columns>
<indexes itemClass="oracle.dbtools.crest.model.design.relational.Index">
<ind_PK_UK id="DDFF1DC6-C4D4-827E-04AF-B84BFCC9DD11" name="Usluga Trenera_PK">
<createdBy>test</createdBy>
<createdTime>2022-10-31 19:04:21 UTC</createdTime>
<ownerDesignName>ActivePass</ownerDesignName>
<pk>true</pk>
<indexState>Primary Constraint</indexState>
<isSurrogateKey>false</isSurrogateKey>
<indexColumnUsage>
<colUsage columnID="F583DCED-019F-A178-5E8B-5638799264A0"/>
</indexColumnUsage>
</ind_PK_UK>
<ind_PK_UK id="5E00FB1D-706B-F9C7-B872-3D0DBDDC77DD" name="Usluga Trenera_Tip Usluge_FK">
<createdBy>test</createdBy>
<createdTime>2022-10-31 19:07:16 UTC</createdTime>
<ownerDesignName>ActivePass</ownerDesignName>
<indexState>Foreign Key</indexState>
<isSurrogateKey>false</isSurrogateKey>
<indexColumnUsage>
<colUsage columnID="9E986F54-AF4B-6135-62D6-5E5621BDA93E"/>
</indexColumnUsage>
</ind_PK_UK>
<ind_PK_UK id="0E3BE4CA-F0B4-5752-D36F-520537A71F9F" name="Usluga Trenera_Trajanje_FK">
<createdBy>test</createdBy>
<createdTime>2022-10-31 19:08:58 UTC</createdTime>
<ownerDesignName>ActivePass</ownerDesignName>
<indexState>Foreign Key</indexState>
<isSurrogateKey>false</isSurrogateKey>
<indexColumnUsage>
<colUsage columnID="CB767863-D4F6-59B3-D6FC-45BB97FA49B6"/>
</indexColumnUsage>
</ind_PK_UK>
<ind_PK_UK id="4AE63475-963F-AB94-3017-77F22AE396A4" name="Usluga Trenera_Trener_FK">
<createdBy>test</createdBy>
<createdTime>2022-10-31 19:12:04 UTC</createdTime>
<ownerDesignName>ActivePass</ownerDesignName>
<indexState>Foreign Key</indexState>
<isSurrogateKey>false</isSurrogateKey>
<indexColumnUsage>
<colUsage columnID="7FDF4790-4490-C5D4-9C23-5844BE476FB4"/>
</indexColumnUsage>
</ind_PK_UK>
<ind_PK_UK id="639122AA-4456-2730-955F-47041F276B60" name="Usluga Trenera_Edukator_FK">
<createdBy>test</createdBy>
<createdTime>2022-10-31 19:12:13 UTC</createdTime>
<ownerDesignName>ActivePass</ownerDesignName>
<indexState>Foreign Key</indexState>
<isSurrogateKey>false</isSurrogateKey>
<indexColumnUsage>
<colUsage columnID="1941A276-1969-9E57-28F4-8DDB53540BBE"/>
</indexColumnUsage>
</ind_PK_UK>
<ind_PK_UK id="3A82A466-288F-95F9-3C21-1FF4550B7F2E" name="Usluga Trenera_Disciplina_FK">
<createdBy>test</createdBy>
<createdTime>2022-11-01 11:39:31 UTC</createdTime>
<ownerDesignName>ActivePass</ownerDesignName>
<indexState>Foreign Key</indexState>
<isSurrogateKey>false</isSurrogateKey>
<indexColumnUsage>
<colUsage columnID="54D6CE6E-8B4E-C7BA-199E-F73EA2CEE21A"/>
</indexColumnUsage>
</ind_PK_UK>
<ind_PK_UK id="5E48B448-F927-038C-8A9C-D873D8F331CE" name="Usluga Trenera_Aktivan Član_FK">
<createdBy>test</createdBy>
<createdTime>2022-11-01 11:43:13 UTC</createdTime>
<ownerDesignName>ActivePass</ownerDesignName>
<indexState>Foreign Key</indexState>
<isSurrogateKey>false</isSurrogateKey>
<indexColumnUsage>
<colUsage columnID="A3E1763B-A0BB-C5A5-AB5F-64269C6BECBF"/>
</indexColumnUsage>
</ind_PK_UK>
</indexes>
</Table>
