<?xml version = '1.0' encoding = 'UTF-8'?>
<Table class="oracle.dbtools.crest.model.design.relational.Table" directorySegmentName="seg_0" id="34E31817-3DA7-31F1-73FE-38FA14441E60" name="Podobjekat">
<createdBy>test</createdBy>
<createdTime>2022-10-31 17:22:22 UTC</createdTime>
<ownerDesignName>ActivePass</ownerDesignName>
<ordsAlias>table_17</ordsAlias>
<allowColumnReorder>false</allowColumnReorder>
<existDependencyGenerateInDDl>true</existDependencyGenerateInDDl>
<parsed>true</parsed>
<columns itemClass="oracle.dbtools.crest.model.design.relational.Column">
<Column name="ID podbojekat" id="89090A3E-C00C-95C1-1B72-78D493AEF72F">
<createdBy>test</createdBy>
<createdTime>2022-10-31 17:23:53 UTC</createdTime>
<ownerDesignName>ActivePass</ownerDesignName>
<useDomainConstraints>false</useDomainConstraints>
<use>1</use>
<logicalDatatype>LOGDT011</logicalDatatype>
<ownDataTypeParameters>,,</ownDataTypeParameters>
<autoIncrementCycle>false</autoIncrementCycle>
</Column>
<Column name="Column_2" id="C2247A5D-7363-AF42-BA68-9C2D5DDA9C08">
<createdBy>test</createdBy>
<createdTime>2022-10-31 17:23:53 UTC</createdTime>
<ownerDesignName>ActivePass</ownerDesignName>
<nullsAllowed>true</nullsAllowed>
<use>0</use>
<ownDataTypeParameters>,,</ownDataTypeParameters>
<autoIncrementCycle>false</autoIncrementCycle>
</Column>
<Column name="Objerkat_ID objekta" id="8B0D455F-BDB0-3F39-62D7-8B462AFEB02D">
<createdBy>test</createdBy>
<createdTime>2022-10-31 17:24:03 UTC</createdTime>
<ownerDesignName>ActivePass</ownerDesignName>
<useDomainConstraints>false</useDomainConstraints>
<use>1</use>
<logicalDatatype>LOGDT011</logicalDatatype>
<ownDataTypeParameters>,,</ownDataTypeParameters>
<previousColumn>false</previousColumn>
<autoIncrementCycle>false</autoIncrementCycle>
<associations>
<colAssociation fkAssociation="1CADC816-EEE5-B82A-436C-C6A85DF5EA77" referredColumn="D8384CC5-45D6-65F0-307B-06EF7D904DB2"/>
</associations>
</Column>
</columns>
<indexes itemClass="oracle.dbtools.crest.model.design.relational.Index">
<ind_PK_UK id="39F7E1F7-DA7A-0065-2C34-1C0F9F707D19" name="Podobjekat_PK">
<createdBy>test</createdBy>
<createdTime>2022-10-31 17:23:53 UTC</createdTime>
<ownerDesignName>ActivePass</ownerDesignName>
<pk>true</pk>
<indexState>Primary Constraint</indexState>
<isSurrogateKey>false</isSurrogateKey>
<indexColumnUsage>
<colUsage columnID="89090A3E-C00C-95C1-1B72-78D493AEF72F"/>
</indexColumnUsage>
</ind_PK_UK>
<ind_PK_UK id="A7FFE30C-FFEF-E5CB-DE2F-60180BDDDD43" name="Podobjekat_Objerkat_FK">
<createdBy>test</createdBy>
<createdTime>2022-10-31 17:24:03 UTC</createdTime>
<ownerDesignName>ActivePass</ownerDesignName>
<indexState>Foreign Key</indexState>
<isSurrogateKey>false</isSurrogateKey>
<indexColumnUsage>
<colUsage columnID="8B0D455F-BDB0-3F39-62D7-8B462AFEB02D"/>
</indexColumnUsage>
</ind_PK_UK>
</indexes>
</Table>
