<?xml version = '1.0' encoding = 'UTF-8'?>
<Table class="oracle.dbtools.crest.model.design.relational.Table" directorySegmentName="seg_0" id="36F4EFF3-4243-7C40-D705-DED4C6E607BA" name="Poseta">
<createdBy>test</createdBy>
<createdTime>2022-10-14 10:04:03 UTC</createdTime>
<ownerDesignName>ActivePass</ownerDesignName>
<ordsAlias>table_5</ordsAlias>
<allowColumnReorder>false</allowColumnReorder>
<existDependencyGenerateInDDl>true</existDependencyGenerateInDDl>
<parsed>true</parsed>
<columns itemClass="oracle.dbtools.crest.model.design.relational.Column">
<Column name="Objerkat_ID objekta" id="92F709DA-DABD-82F7-4540-429F742DB3D9">
<createdBy>test</createdBy>
<createdTime>2022-10-14 10:24:35 UTC</createdTime>
<ownerDesignName>ActivePass</ownerDesignName>
<useDomainConstraints>false</useDomainConstraints>
<use>1</use>
<logicalDatatype>LOGDT011</logicalDatatype>
<ownDataTypeParameters>,,</ownDataTypeParameters>
<previousColumn>false</previousColumn>
<autoIncrementCycle>false</autoIncrementCycle>
<associations>
<colAssociation fkAssociation="75737FA8-3AAC-F159-0111-60BFD72F7E89" referredColumn="D8384CC5-45D6-65F0-307B-06EF7D904DB2"/>
</associations>
</Column>
<Column name="Aktivan Član_Broj naloga" id="F0714B0D-C989-CE69-0468-CE0240520C9E">
<createdBy>test</createdBy>
<createdTime>2022-10-14 10:27:11 UTC</createdTime>
<ownerDesignName>ActivePass</ownerDesignName>
<useDomainConstraints>false</useDomainConstraints>
<use>1</use>
<logicalDatatype>LOGDT011</logicalDatatype>
<ownDataTypeParameters>,,</ownDataTypeParameters>
<previousColumn>false</previousColumn>
<autoIncrementCycle>false</autoIncrementCycle>
</Column>
<Column name="Aktivan Član_Korisnik_Broj naloga" id="C138076D-5A5B-DFAE-965D-16C62F90DA80">
<createdBy>test</createdBy>
<createdTime>2022-10-26 15:36:27 UTC</createdTime>
<ownerDesignName>ActivePass</ownerDesignName>
<useDomainConstraints>false</useDomainConstraints>
<use>1</use>
<logicalDatatype>LOGDT011</logicalDatatype>
<ownDataTypeParameters>,,</ownDataTypeParameters>
<previousColumn>false</previousColumn>
<autoIncrementCycle>false</autoIncrementCycle>
<associations>
<colAssociation fkAssociation="FBF11A4F-ECED-82B5-A828-01FA081F89D2" referredColumn="612873FF-53A3-4358-DDE2-27C4EC558EF0"/>
</associations>
</Column>
<Column name="Firma_PIB" id="E56BD60A-8D1A-78AE-31BF-4F334A885722">
<createdBy>test</createdBy>
<createdTime>2022-10-31 17:35:24 UTC</createdTime>
<ownerDesignName>ActivePass</ownerDesignName>
<useDomainConstraints>false</useDomainConstraints>
<use>1</use>
<logicalDatatype>LOGDT011</logicalDatatype>
<ownDataTypeParameters>,,</ownDataTypeParameters>
<previousColumn>false</previousColumn>
<autoIncrementCycle>false</autoIncrementCycle>
<associations>
<colAssociation fkAssociation="EC85DB8D-6A05-7D20-F02A-654F425FF32F" referredColumn="48B9BB2A-1164-DBAB-6999-5A4161DEC55B"/>
</associations>
</Column>
<Column name="Vreme_ID vreme" id="1B81D0C0-7EB4-E56E-F93C-78B1F60A5C77">
<createdBy>test</createdBy>
<createdTime>2022-10-31 17:37:46 UTC</createdTime>
<ownerDesignName>ActivePass</ownerDesignName>
<useDomainConstraints>false</useDomainConstraints>
<use>1</use>
<logicalDatatype>LOGDT008</logicalDatatype>
<ownDataTypeParameters>,,</ownDataTypeParameters>
<previousColumn>false</previousColumn>
<autoIncrementCycle>false</autoIncrementCycle>
<associations>
<colAssociation fkAssociation="90DC2741-F7CF-9A6D-16F0-002DF95182A8" referredColumn="9ED55B23-B0A8-294F-9E98-641B90FFBF7D"/>
</associations>
</Column>
</columns>
<indexes itemClass="oracle.dbtools.crest.model.design.relational.Index">
<ind_PK_UK id="B46EAB58-645D-7857-6850-22B5E0460D2F" name="Poseta_PK">
<createdBy>test</createdBy>
<createdTime>2022-10-14 10:24:59 UTC</createdTime>
<ownerDesignName>ActivePass</ownerDesignName>
<pk>true</pk>
<indexState>Primary Constraint</indexState>
<isSurrogateKey>false</isSurrogateKey>
<indexColumnUsage>
<colUsage columnID="92F709DA-DABD-82F7-4540-429F742DB3D9"/>
<colUsage columnID="F0714B0D-C989-CE69-0468-CE0240520C9E"/>
</indexColumnUsage>
</ind_PK_UK>
<ind_PK_UK id="833AB569-9940-2AD3-55A6-BD6F7EFB58C3" name="Poseta_Aktivan Član_FK">
<createdBy>test</createdBy>
<createdTime>2022-10-21 17:40:37 UTC</createdTime>
<ownerDesignName>ActivePass</ownerDesignName>
<indexState>Foreign Key</indexState>
<isSurrogateKey>false</isSurrogateKey>
<indexColumnUsage>
<colUsage columnID="C138076D-5A5B-DFAE-965D-16C62F90DA80"/>
</indexColumnUsage>
</ind_PK_UK>
<ind_PK_UK id="8ABE0845-3E5A-4B83-AAEF-EE62EE14FB03" name="Poseta_Objerkat_FK">
<createdBy>test</createdBy>
<createdTime>2022-10-21 17:41:28 UTC</createdTime>
<ownerDesignName>ActivePass</ownerDesignName>
<indexState>Foreign Key</indexState>
<isSurrogateKey>false</isSurrogateKey>
<indexColumnUsage>
<colUsage columnID="92F709DA-DABD-82F7-4540-429F742DB3D9"/>
</indexColumnUsage>
</ind_PK_UK>
<ind_PK_UK id="7C90BD20-E960-50BE-94DB-D37DA498FDD4" name="Poseta_Firma_FK">
<createdBy>test</createdBy>
<createdTime>2022-10-31 17:35:24 UTC</createdTime>
<ownerDesignName>ActivePass</ownerDesignName>
<indexState>Foreign Key</indexState>
<isSurrogateKey>false</isSurrogateKey>
<indexColumnUsage>
<colUsage columnID="E56BD60A-8D1A-78AE-31BF-4F334A885722"/>
</indexColumnUsage>
</ind_PK_UK>
<ind_PK_UK id="6E2AECD1-0328-2839-2ED7-CB4DF7629288" name="Poseta_Vreme_FK">
<createdBy>test</createdBy>
<createdTime>2022-10-31 17:37:46 UTC</createdTime>
<ownerDesignName>ActivePass</ownerDesignName>
<indexState>Foreign Key</indexState>
<isSurrogateKey>false</isSurrogateKey>
<indexColumnUsage>
<colUsage columnID="1B81D0C0-7EB4-E56E-F93C-78B1F60A5C77"/>
</indexColumnUsage>
</ind_PK_UK>
</indexes>
</Table>
