<?xml version = '1.0' encoding = 'UTF-8'?>
<Table class="oracle.dbtools.crest.model.design.relational.Table" directorySegmentName="seg_0" id="3A21E9A9-7507-F9E7-D52C-06D867B44C49" name="Neaktivan Član">
<createdBy>test</createdBy>
<createdTime>2022-10-14 10:02:24 UTC</createdTime>
<ownerDesignName>ActivePass</ownerDesignName>
<ordsAlias>table_2</ordsAlias>
<allowColumnReorder>false</allowColumnReorder>
<existDependencyGenerateInDDl>true</existDependencyGenerateInDDl>
<parsed>true</parsed>
<columns itemClass="oracle.dbtools.crest.model.design.relational.Column">
<Column name="Korisnik_Broj naloga" id="790A30E4-B464-C2DF-2599-59F75A0D31AB">
<createdBy>test</createdBy>
<createdTime>2022-10-26 15:36:36 UTC</createdTime>
<ownerDesignName>ActivePass</ownerDesignName>
<useDomainConstraints>false</useDomainConstraints>
<use>1</use>
<logicalDatatype>LOGDT011</logicalDatatype>
<ownDataTypeParameters>,,</ownDataTypeParameters>
<previousColumn>false</previousColumn>
<autoIncrementCycle>false</autoIncrementCycle>
<associations>
<colAssociation fkAssociation="00E7018C-54A1-6CC3-41C8-1F1076994745" referredColumn="51541485-0DDA-449F-9156-955E92B89C83"/>
</associations>
</Column>
</columns>
<indexes itemClass="oracle.dbtools.crest.model.design.relational.Index">
<ind_PK_UK id="742BBC97-A8CC-738E-7D7F-5131333EF4D4" name="NeaktivanČlan_PK">
<createdBy>test</createdBy>
<createdTime>2022-10-14 10:02:24 UTC</createdTime>
<ownerDesignName>ActivePass</ownerDesignName>
<pk>true</pk>
<indexState>Primary Constraint</indexState>
<isSurrogateKey>false</isSurrogateKey>
<indexColumnUsage>
<colUsage columnID="790A30E4-B464-C2DF-2599-59F75A0D31AB"/>
</indexColumnUsage>
</ind_PK_UK>
<ind_PK_UK id="9E83CCEB-90B7-50D3-FEEF-5C7B4223A3E1" name="Neaktivan Član_Korisnik_FK">
<createdBy>test</createdBy>
<createdTime>2022-10-26 15:36:36 UTC</createdTime>
<ownerDesignName>ActivePass</ownerDesignName>
<indexState>Foreign Key</indexState>
<isSurrogateKey>false</isSurrogateKey>
<indexColumnUsage>
<colUsage columnID="790A30E4-B464-C2DF-2599-59F75A0D31AB"/>
</indexColumnUsage>
</ind_PK_UK>
</indexes>
</Table>
