<?xml version = '1.0' encoding = 'UTF-8'?>
<Table class="oracle.dbtools.crest.model.design.relational.Table" directorySegmentName="seg_0" id="3B4221DD-7941-EE3F-FE7B-CC48D959866E" name="Trener">
<createdBy>test</createdBy>
<createdTime>2022-10-31 18:18:27 UTC</createdTime>
<ownerDesignName>ActivePass</ownerDesignName>
<ordsAlias>table_20</ordsAlias>
<allowColumnReorder>false</allowColumnReorder>
<existDependencyGenerateInDDl>true</existDependencyGenerateInDDl>
<parsed>true</parsed>
<columns itemClass="oracle.dbtools.crest.model.design.relational.Column">
<Column name="Zaposleni_ID zaposlenog" id="8A9D5886-3602-B2DA-22A8-37E30C02FEA2">
<createdBy>test</createdBy>
<createdTime>2022-10-31 18:46:59 UTC</createdTime>
<ownerDesignName>ActivePass</ownerDesignName>
<useDomainConstraints>false</useDomainConstraints>
<use>1</use>
<logicalDatatype>LOGDT011</logicalDatatype>
<ownDataTypeParameters>,,</ownDataTypeParameters>
<previousColumn>false</previousColumn>
<autoIncrementCycle>false</autoIncrementCycle>
<associations>
<colAssociation fkAssociation="4F1DFEF9-D1A8-763E-526D-9F49EE8D5472" referredColumn="C7D59D42-36A1-F713-32A8-109D45B397B1"/>
</associations>
</Column>
<Column name="Usluga Trenera_ID usluge" id="5EDA4B41-F21E-09D3-22DA-16B84E30F162">
<createdBy>test</createdBy>
<createdTime>2022-10-31 19:11:47 UTC</createdTime>
<ownerDesignName>ActivePass</ownerDesignName>
<useDomainConstraints>false</useDomainConstraints>
<use>1</use>
<logicalDatatype>LOGDT011</logicalDatatype>
<ownDataTypeParameters>,,</ownDataTypeParameters>
<previousColumn>false</previousColumn>
<autoIncrementCycle>false</autoIncrementCycle>
<associations>
<colAssociation fkAssociation="E149B894-83A3-07CA-F2A2-38CA6CBFDD5F" referredColumn="F583DCED-019F-A178-5E8B-5638799264A0"/>
</associations>
</Column>
</columns>
<indexes itemClass="oracle.dbtools.crest.model.design.relational.Index">
<ind_PK_UK id="A22A0A14-3B81-8EAD-52DC-C656900EF61B" name="Trener_PK">
<createdBy>test</createdBy>
<createdTime>2022-10-31 18:47:16 UTC</createdTime>
<ownerDesignName>ActivePass</ownerDesignName>
<pk>true</pk>
<indexState>Primary Constraint</indexState>
<isSurrogateKey>false</isSurrogateKey>
<indexColumnUsage>
<colUsage columnID="8A9D5886-3602-B2DA-22A8-37E30C02FEA2"/>
</indexColumnUsage>
</ind_PK_UK>
<ind_PK_UK id="BB776F94-FD58-9EBE-A38C-65B21E56969A" name="Trener_Zaposleni_FK">
<createdBy>test</createdBy>
<createdTime>2022-10-31 18:46:59 UTC</createdTime>
<ownerDesignName>ActivePass</ownerDesignName>
<indexState>Foreign Key</indexState>
<isSurrogateKey>false</isSurrogateKey>
<indexColumnUsage>
<colUsage columnID="8A9D5886-3602-B2DA-22A8-37E30C02FEA2"/>
</indexColumnUsage>
</ind_PK_UK>
<ind_PK_UK id="07D6EABE-920C-BC56-4DAD-8334385F4A25" name="Trener_Usluga Trenera_FK">
<createdBy>test</createdBy>
<createdTime>2022-10-31 19:11:47 UTC</createdTime>
<ownerDesignName>ActivePass</ownerDesignName>
<indexState>Foreign Key</indexState>
<isSurrogateKey>false</isSurrogateKey>
<indexColumnUsage>
<colUsage columnID="5EDA4B41-F21E-09D3-22DA-16B84E30F162"/>
</indexColumnUsage>
</ind_PK_UK>
</indexes>
</Table>
