<?xml version = '1.0' encoding = 'UTF-8'?>
<Table class="oracle.dbtools.crest.model.design.relational.Table" directorySegmentName="seg_0" id="4845C0D5-844A-E471-D34A-91D1252B8523" name="Zaposleni">
<createdBy>test</createdBy>
<createdTime>2022-10-31 18:19:04 UTC</createdTime>
<ownerDesignName>ActivePass</ownerDesignName>
<ordsAlias>table_22</ordsAlias>
<allowColumnReorder>false</allowColumnReorder>
<existDependencyGenerateInDDl>true</existDependencyGenerateInDDl>
<parsed>true</parsed>
<columns itemClass="oracle.dbtools.crest.model.design.relational.Column">
<Column name="ID zaposlenog" id="C7D59D42-36A1-F713-32A8-109D45B397B1">
<createdBy>test</createdBy>
<createdTime>2022-10-31 18:21:12 UTC</createdTime>
<ownerDesignName>ActivePass</ownerDesignName>
<useDomainConstraints>false</useDomainConstraints>
<use>1</use>
<logicalDatatype>LOGDT011</logicalDatatype>
<ownDataTypeParameters>,,</ownDataTypeParameters>
<autoIncrementCycle>false</autoIncrementCycle>
</Column>
<Column name="Puno ime" id="76E2C7E1-34A4-75D5-414A-606C8AD540C1">
<createdBy>test</createdBy>
<createdTime>2022-10-31 18:21:12 UTC</createdTime>
<ownerDesignName>ActivePass</ownerDesignName>
<nullsAllowed>true</nullsAllowed>
<useDomainConstraints>false</useDomainConstraints>
<use>1</use>
<logicalDatatype>LOGDT024</logicalDatatype>
<ownDataTypeParameters>,,</ownDataTypeParameters>
<autoIncrementCycle>false</autoIncrementCycle>
</Column>
<Column name="Disciplina_ID disciplina" id="4108A23E-3909-A620-DFA3-3F04D3900B69">
<createdBy>test</createdBy>
<createdTime>2022-10-31 18:50:03 UTC</createdTime>
<ownerDesignName>ActivePass</ownerDesignName>
<use>0</use>
<ownDataTypeParameters>,,</ownDataTypeParameters>
<previousColumn>false</previousColumn>
<autoIncrementCycle>false</autoIncrementCycle>
<associations>
<colAssociation fkAssociation="29F7C0EC-6DBF-DDC0-24DA-53834CDF6135" referredColumn="0C3083C8-1790-958F-3BD8-2640552F5254"/>
</associations>
</Column>
</columns>
<indexes itemClass="oracle.dbtools.crest.model.design.relational.Index">
<ind_PK_UK id="AB5D5A72-0ABD-0B01-00C9-D158A69633A4" name="Zaposleni_PK">
<createdBy>test</createdBy>
<createdTime>2022-10-31 18:21:12 UTC</createdTime>
<ownerDesignName>ActivePass</ownerDesignName>
<pk>true</pk>
<indexState>Primary Constraint</indexState>
<isSurrogateKey>false</isSurrogateKey>
<indexColumnUsage>
<colUsage columnID="C7D59D42-36A1-F713-32A8-109D45B397B1"/>
</indexColumnUsage>
</ind_PK_UK>
<ind_PK_UK id="D89D3573-D57A-95DD-80C6-F4CA4620441A" name="Zaposleni_Disciplina_FK">
<createdBy>test</createdBy>
<createdTime>2022-10-31 18:50:03 UTC</createdTime>
<ownerDesignName>ActivePass</ownerDesignName>
<indexState>Foreign Key</indexState>
<isSurrogateKey>false</isSurrogateKey>
<indexColumnUsage>
<colUsage columnID="4108A23E-3909-A620-DFA3-3F04D3900B69"/>
</indexColumnUsage>
</ind_PK_UK>
</indexes>
</Table>
