<?xml version = '1.0' encoding = 'UTF-8'?>
<Table class="oracle.dbtools.crest.model.design.relational.Table" directorySegmentName="seg_0" id="6E84A6EC-D1B5-C16A-62B9-2653FF23AF44" name="Trajanje">
<createdBy>test</createdBy>
<createdTime>2022-10-31 19:07:46 UTC</createdTime>
<ownerDesignName>ActivePass</ownerDesignName>
<ordsAlias>table_27</ordsAlias>
<allowColumnReorder>false</allowColumnReorder>
<existDependencyGenerateInDDl>true</existDependencyGenerateInDDl>
<parsed>true</parsed>
<columns itemClass="oracle.dbtools.crest.model.design.relational.Column">
<Column name="ID trajanja" id="F6A84A72-8683-D08F-4B8B-6BE2446B127A">
<createdBy>test</createdBy>
<createdTime>2022-10-31 19:08:40 UTC</createdTime>
<ownerDesignName>ActivePass</ownerDesignName>
<use>0</use>
<ownDataTypeParameters>,,</ownDataTypeParameters>
<autoIncrementCycle>false</autoIncrementCycle>
</Column>
<Column name="Duzina u mesecima" id="7D43A896-7BF3-E020-BE78-A98C7CEA142F">
<createdBy>test</createdBy>
<createdTime>2022-10-31 19:08:40 UTC</createdTime>
<ownerDesignName>ActivePass</ownerDesignName>
<nullsAllowed>true</nullsAllowed>
<useDomainConstraints>false</useDomainConstraints>
<use>1</use>
<logicalDatatype>LOGDT011</logicalDatatype>
<ownDataTypeParameters>,,</ownDataTypeParameters>
<autoIncrementCycle>false</autoIncrementCycle>
</Column>
</columns>
<indexes itemClass="oracle.dbtools.crest.model.design.relational.Index">
<ind_PK_UK id="E91FE647-CDF5-7D04-5920-E85E37F81553" name="Trajanje_PK">
<createdBy>test</createdBy>
<createdTime>2022-10-31 19:08:47 UTC</createdTime>
<ownerDesignName>ActivePass</ownerDesignName>
<pk>true</pk>
<indexState>Primary Constraint</indexState>
<isSurrogateKey>false</isSurrogateKey>
<indexColumnUsage>
<colUsage columnID="F6A84A72-8683-D08F-4B8B-6BE2446B127A"/>
</indexColumnUsage>
</ind_PK_UK>
</indexes>
</Table>
