<?xml version = '1.0' encoding = 'UTF-8'?>
<Table class="oracle.dbtools.crest.model.design.relational.Table" directorySegmentName="seg_0" id="741ABC12-8DA2-CFF6-A7BD-6B62A074981E" name="Trening Grupa">
<createdBy>test</createdBy>
<createdTime>2022-10-31 19:02:42 UTC</createdTime>
<ownerDesignName>ActivePass</ownerDesignName>
<ordsAlias>table_25</ordsAlias>
<allowColumnReorder>false</allowColumnReorder>
<existDependencyGenerateInDDl>true</existDependencyGenerateInDDl>
<parsed>true</parsed>
<columns itemClass="oracle.dbtools.crest.model.design.relational.Column">
<Column name="Aktivan Član_Korisnik_Broj naloga" id="429B4CDD-0A8F-6A50-FEBC-2AFD920BDC60">
<createdBy>test</createdBy>
<createdTime>2022-10-31 19:03:05 UTC</createdTime>
<ownerDesignName>ActivePass</ownerDesignName>
<useDomainConstraints>false</useDomainConstraints>
<use>1</use>
<logicalDatatype>LOGDT011</logicalDatatype>
<ownDataTypeParameters>,,</ownDataTypeParameters>
<previousColumn>false</previousColumn>
<autoIncrementCycle>false</autoIncrementCycle>
<associations>
<colAssociation fkAssociation="8ECA0C70-E576-A7E0-3A7F-2841FC8603BA" referredColumn="612873FF-53A3-4358-DDE2-27C4EC558EF0"/>
</associations>
</Column>
<Column name="Usluga Trenera_ID usluge" id="6F29C871-D30D-A8D6-545A-1BF11323CA84">
<createdBy>test</createdBy>
<createdTime>2022-10-31 19:04:35 UTC</createdTime>
<ownerDesignName>ActivePass</ownerDesignName>
<useDomainConstraints>false</useDomainConstraints>
<use>1</use>
<logicalDatatype>LOGDT011</logicalDatatype>
<ownDataTypeParameters>,,</ownDataTypeParameters>
<previousColumn>false</previousColumn>
<autoIncrementCycle>false</autoIncrementCycle>
<associations>
<colAssociation fkAssociation="E6241AF4-63E6-C62E-51BB-0B90B7C47617" referredColumn="F583DCED-019F-A178-5E8B-5638799264A0"/>
</associations>
</Column>
</columns>
<indexes itemClass="oracle.dbtools.crest.model.design.relational.Index">
<ind_PK_UK id="6A5AE6AC-0E04-5A46-72C7-CAF40D0545F7" name="Trening Grupa_PK">
<createdBy>test</createdBy>
<createdTime>2022-10-31 19:04:44 UTC</createdTime>
<ownerDesignName>ActivePass</ownerDesignName>
<pk>true</pk>
<indexState>Primary Constraint</indexState>
<isSurrogateKey>false</isSurrogateKey>
<indexColumnUsage>
<colUsage columnID="429B4CDD-0A8F-6A50-FEBC-2AFD920BDC60"/>
<colUsage columnID="6F29C871-D30D-A8D6-545A-1BF11323CA84"/>
</indexColumnUsage>
</ind_PK_UK>
<ind_PK_UK id="D78CF264-1683-19D1-F908-A28E58AF9BFA" name="Trening Grupa_Aktivan Član_FK">
<createdBy>test</createdBy>
<createdTime>2022-10-31 19:03:05 UTC</createdTime>
<ownerDesignName>ActivePass</ownerDesignName>
<indexState>Foreign Key</indexState>
<isSurrogateKey>false</isSurrogateKey>
<indexColumnUsage>
<colUsage columnID="429B4CDD-0A8F-6A50-FEBC-2AFD920BDC60"/>
</indexColumnUsage>
</ind_PK_UK>
<ind_PK_UK id="5D162E8D-517A-42D4-5DB3-D0F827B88C0F" name="Trening Grupa_Usluga Trenera_FK">
<createdBy>test</createdBy>
<createdTime>2022-10-31 19:04:35 UTC</createdTime>
<ownerDesignName>ActivePass</ownerDesignName>
<indexState>Foreign Key</indexState>
<isSurrogateKey>false</isSurrogateKey>
<indexColumnUsage>
<colUsage columnID="6F29C871-D30D-A8D6-545A-1BF11323CA84"/>
</indexColumnUsage>
</ind_PK_UK>
</indexes>
</Table>
