<?xml version = '1.0' encoding = 'UTF-8'?>
<Table class="oracle.dbtools.crest.model.design.relational.Table" directorySegmentName="seg_0" id="89D90EC7-2B61-F170-B742-C9E74C8AB329" name="Korisnik">
<createdBy>test</createdBy>
<createdTime>2022-10-21 17:33:06 UTC</createdTime>
<ownerDesignName>ActivePass</ownerDesignName>
<ordsAlias>table_13</ordsAlias>
<allowColumnReorder>false</allowColumnReorder>
<existDependencyGenerateInDDl>true</existDependencyGenerateInDDl>
<parsed>true</parsed>
<columns itemClass="oracle.dbtools.crest.model.design.relational.Column">
<Column name="Broj naloga" id="51541485-0DDA-449F-9156-955E92B89C83">
<createdBy>test</createdBy>
<createdTime>2022-10-21 17:34:39 UTC</createdTime>
<ownerDesignName>ActivePass</ownerDesignName>
<useDomainConstraints>false</useDomainConstraints>
<use>1</use>
<logicalDatatype>LOGDT011</logicalDatatype>
<ownDataTypeParameters>,,</ownDataTypeParameters>
<autoIncrementCycle>false</autoIncrementCycle>
</Column>
<Column name="Puno Ime" id="CF040E58-6067-F242-27DA-1E288C583492">
<createdBy>test</createdBy>
<createdTime>2022-10-21 17:34:39 UTC</createdTime>
<ownerDesignName>ActivePass</ownerDesignName>
<nullsAllowed>true</nullsAllowed>
<useDomainConstraints>false</useDomainConstraints>
<use>1</use>
<logicalDatatype>LOGDT024</logicalDatatype>
<dataTypeSize>30</dataTypeSize>
<ownDataTypeParameters>30,,</ownDataTypeParameters>
<autoIncrementCycle>false</autoIncrementCycle>
</Column>
<Column name="Gmail" id="9775E38E-565C-C030-3DB5-49CA3980B860">
<createdBy>test</createdBy>
<createdTime>2022-10-26 11:40:29 UTC</createdTime>
<ownerDesignName>ActivePass</ownerDesignName>
<nullsAllowed>true</nullsAllowed>
<useDomainConstraints>false</useDomainConstraints>
<use>1</use>
<logicalDatatype>LOGDT024</logicalDatatype>
<dataTypeSize>30</dataTypeSize>
<ownDataTypeParameters>30,,</ownDataTypeParameters>
<autoIncrementCycle>false</autoIncrementCycle>
</Column>
<Column name="Broj telefona" id="EBAFAE4E-C3C5-92D8-4C53-BF9C6850164D">
<createdBy>test</createdBy>
<createdTime>2022-10-26 11:42:48 UTC</createdTime>
<ownerDesignName>ActivePass</ownerDesignName>
<nullsAllowed>true</nullsAllowed>
<useDomainConstraints>false</useDomainConstraints>
<use>1</use>
<logicalDatatype>LOGDT024</logicalDatatype>
<dataTypeSize>15</dataTypeSize>
<ownDataTypeParameters>15,,</ownDataTypeParameters>
<autoIncrementCycle>false</autoIncrementCycle>
</Column>
<Column name="Lokacija_GPS koordinate" id="B2C56607-E9E7-2DE4-FB25-71B6C12C64F4">
<createdBy>test</createdBy>
<createdTime>2022-10-26 11:46:41 UTC</createdTime>
<ownerDesignName>ActivePass</ownerDesignName>
<useDomainConstraints>false</useDomainConstraints>
<use>1</use>
<logicalDatatype>LOGDT024</logicalDatatype>
<dataTypeSize>30</dataTypeSize>
<ownDataTypeParameters>,,</ownDataTypeParameters>
<previousColumn>false</previousColumn>
<autoIncrementCycle>false</autoIncrementCycle>
<associations>
<colAssociation fkAssociation="1FA6D273-8401-0F28-D416-5E936FF2D651" referredColumn="8C672875-BBC4-9D88-BA9E-1FF0D39670A7"/>
</associations>
</Column>
<Column name="aktivnost" id="BB217450-8E9F-F4EB-8ADC-BFABB52C736E">
<createdBy>test</createdBy>
<createdTime>2022-10-31 17:03:04 UTC</createdTime>
<ownerDesignName>ActivePass</ownerDesignName>
<nullsAllowed>true</nullsAllowed>
<useDomainConstraints>false</useDomainConstraints>
<use>1</use>
<logicalDatatype>LOGDT006</logicalDatatype>
<dataTypeSize>1</dataTypeSize>
<ownDataTypeParameters>1,,</ownDataTypeParameters>
<autoIncrementCycle>false</autoIncrementCycle>
</Column>
<Column name="Paket_ID paketa" id="2E151251-41B1-7262-D61F-6411D898665D">
<createdBy>test</createdBy>
<createdTime>2022-10-31 18:14:10 UTC</createdTime>
<ownerDesignName>ActivePass</ownerDesignName>
<useDomainConstraints>false</useDomainConstraints>
<use>1</use>
<logicalDatatype>LOGDT011</logicalDatatype>
<ownDataTypeParameters>,,</ownDataTypeParameters>
<previousColumn>false</previousColumn>
<autoIncrementCycle>false</autoIncrementCycle>
<associations>
<colAssociation fkAssociation="2C30451B-7B2E-9252-437C-4DF81F8EF2C8" referredColumn="19A7B201-AE40-A4D9-5EF4-17A2CA9C24D7"/>
</associations>
</Column>
</columns>
<indexes itemClass="oracle.dbtools.crest.model.design.relational.Index">
<ind_PK_UK id="5746A5F4-2530-0D31-88EA-A6EAF0E84720" name="Korisnik_PK">
<createdBy>test</createdBy>
<createdTime>2022-10-21 17:34:39 UTC</createdTime>
<ownerDesignName>ActivePass</ownerDesignName>
<pk>true</pk>
<indexState>Primary Constraint</indexState>
<isSurrogateKey>false</isSurrogateKey>
<indexColumnUsage>
<colUsage columnID="51541485-0DDA-449F-9156-955E92B89C83"/>
</indexColumnUsage>
</ind_PK_UK>
<ind_PK_UK id="04A4C135-C562-69F0-E837-5E33BDD4BF3B" name="Korisnik_Lokacija_FK">
<createdBy>test</createdBy>
<createdTime>2022-10-26 11:46:41 UTC</createdTime>
<ownerDesignName>ActivePass</ownerDesignName>
<indexState>Foreign Key</indexState>
<isSurrogateKey>false</isSurrogateKey>
<indexColumnUsage>
<colUsage columnID="B2C56607-E9E7-2DE4-FB25-71B6C12C64F4"/>
</indexColumnUsage>
</ind_PK_UK>
<ind_PK_UK id="5DDF563E-8C89-2ADC-1830-33DF16EF41AF" name="Korisnik_Paket_FK">
<createdBy>test</createdBy>
<createdTime>2022-10-31 18:14:10 UTC</createdTime>
<ownerDesignName>ActivePass</ownerDesignName>
<indexState>Foreign Key</indexState>
<isSurrogateKey>false</isSurrogateKey>
<indexColumnUsage>
<colUsage columnID="2E151251-41B1-7262-D61F-6411D898665D"/>
</indexColumnUsage>
</ind_PK_UK>
</indexes>
</Table>
