<?xml version = '1.0' encoding = 'UTF-8'?>
<Table class="oracle.dbtools.crest.model.design.relational.Table" directorySegmentName="seg_0" id="A5E271C7-13B1-1B45-CEC0-1280B851DA51" name="Paket">
<createdBy>test</createdBy>
<createdTime>2022-10-26 11:41:03 UTC</createdTime>
<ownerDesignName>ActivePass</ownerDesignName>
<ordsAlias>table_15</ordsAlias>
<allowColumnReorder>false</allowColumnReorder>
<existDependencyGenerateInDDl>true</existDependencyGenerateInDDl>
<parsed>true</parsed>
<columns itemClass="oracle.dbtools.crest.model.design.relational.Column">
<Column name="Ime paketa" id="4FE69A37-79D9-8022-0BE6-4B5E176BF6FD">
<createdBy>test</createdBy>
<createdTime>2022-10-26 11:44:42 UTC</createdTime>
<ownerDesignName>ActivePass</ownerDesignName>
<nullsAllowed>true</nullsAllowed>
<useDomainConstraints>false</useDomainConstraints>
<use>1</use>
<logicalDatatype>LOGDT024</logicalDatatype>
<dataTypeSize>20</dataTypeSize>
<ownDataTypeParameters>20,,</ownDataTypeParameters>
<autoIncrementCycle>false</autoIncrementCycle>
</Column>
<Column name="ID paketa" id="19A7B201-AE40-A4D9-5EF4-17A2CA9C24D7">
<createdBy>test</createdBy>
<createdTime>2022-10-26 11:44:42 UTC</createdTime>
<ownerDesignName>ActivePass</ownerDesignName>
<useDomainConstraints>false</useDomainConstraints>
<use>1</use>
<logicalDatatype>LOGDT011</logicalDatatype>
<ownDataTypeParameters>,,</ownDataTypeParameters>
<autoIncrementCycle>false</autoIncrementCycle>
</Column>
<Column name="Region_ID regiona" id="613D4EE5-51E9-AD90-9ED2-1CC3201B298C">
<createdBy>test</createdBy>
<createdTime>2022-10-26 11:48:38 UTC</createdTime>
<ownerDesignName>ActivePass</ownerDesignName>
<useDomainConstraints>false</useDomainConstraints>
<use>1</use>
<logicalDatatype>LOGDT011</logicalDatatype>
<ownDataTypeParameters>,,</ownDataTypeParameters>
<previousColumn>false</previousColumn>
<autoIncrementCycle>false</autoIncrementCycle>
<associations>
<colAssociation fkAssociation="478B56DB-C3A7-1D94-C4E8-EC0BA35297AF" referredColumn="8940498A-0B88-F5F5-BA48-6804340B02C2"/>
</associations>
</Column>
<Column name="Cena_ID Cene" id="F49E1235-5165-B6B6-1CDF-33899C38DD48">
<createdBy>test</createdBy>
<createdTime>2022-10-26 11:53:08 UTC</createdTime>
<ownerDesignName>ActivePass</ownerDesignName>
<useDomainConstraints>false</useDomainConstraints>
<use>1</use>
<logicalDatatype>LOGDT011</logicalDatatype>
<ownDataTypeParameters>,,</ownDataTypeParameters>
<previousColumn>false</previousColumn>
<autoIncrementCycle>false</autoIncrementCycle>
<associations>
<colAssociation fkAssociation="5E715B28-24A7-1F12-5D7A-012BF195EF5A" referredColumn="31956C80-8B47-DC67-FC96-2FA47C549296"/>
</associations>
</Column>
<Column name="Objerkat_ID objekta" id="8B5B4DC5-05A5-C300-827C-6DB1F86D3AFF">
<createdBy>test</createdBy>
<createdTime>2022-10-31 17:16:20 UTC</createdTime>
<ownerDesignName>ActivePass</ownerDesignName>
<useDomainConstraints>false</useDomainConstraints>
<use>1</use>
<logicalDatatype>LOGDT011</logicalDatatype>
<ownDataTypeParameters>,,</ownDataTypeParameters>
<previousColumn>false</previousColumn>
<autoIncrementCycle>false</autoIncrementCycle>
<associations>
<colAssociation fkAssociation="F8473E63-A6E4-9A9F-7D9D-2A4669E19EFF" referredColumn="D8384CC5-45D6-65F0-307B-06EF7D904DB2"/>
</associations>
</Column>
</columns>
<indexes itemClass="oracle.dbtools.crest.model.design.relational.Index">
<ind_PK_UK id="DFC43599-D150-4BAD-B997-7F282871EEBC" name="Paket_PK">
<createdBy>test</createdBy>
<createdTime>2022-10-26 11:44:42 UTC</createdTime>
<ownerDesignName>ActivePass</ownerDesignName>
<pk>true</pk>
<indexState>Primary Constraint</indexState>
<isSurrogateKey>false</isSurrogateKey>
<indexColumnUsage>
<colUsage columnID="19A7B201-AE40-A4D9-5EF4-17A2CA9C24D7"/>
</indexColumnUsage>
</ind_PK_UK>
<ind_PK_UK id="6243764A-E52D-5E82-869C-F3759D110F2F" name="Paket_Region_FK">
<createdBy>test</createdBy>
<createdTime>2022-10-26 11:48:38 UTC</createdTime>
<ownerDesignName>ActivePass</ownerDesignName>
<indexState>Foreign Key</indexState>
<isSurrogateKey>false</isSurrogateKey>
<indexColumnUsage>
<colUsage columnID="613D4EE5-51E9-AD90-9ED2-1CC3201B298C"/>
</indexColumnUsage>
</ind_PK_UK>
<ind_PK_UK id="C0B734EE-62D4-C291-EF6A-C6A384EDB427" name="Paket_Cena_FK">
<createdBy>test</createdBy>
<createdTime>2022-10-26 11:53:08 UTC</createdTime>
<ownerDesignName>ActivePass</ownerDesignName>
<indexState>Foreign Key</indexState>
<isSurrogateKey>false</isSurrogateKey>
<indexColumnUsage>
<colUsage columnID="F49E1235-5165-B6B6-1CDF-33899C38DD48"/>
</indexColumnUsage>
</ind_PK_UK>
<ind_PK_UK id="CDC7712D-3A57-ACEA-1B8D-8DB5D9565F16" name="Paket_Objerkat_FK">
<createdBy>test</createdBy>
<createdTime>2022-10-31 17:16:20 UTC</createdTime>
<ownerDesignName>ActivePass</ownerDesignName>
<indexState>Foreign Key</indexState>
<isSurrogateKey>false</isSurrogateKey>
<indexColumnUsage>
<colUsage columnID="8B5B4DC5-05A5-C300-827C-6DB1F86D3AFF"/>
</indexColumnUsage>
</ind_PK_UK>
</indexes>
</Table>
