<?xml version = '1.0' encoding = 'UTF-8'?>
<Table class="oracle.dbtools.crest.model.design.relational.Table" directorySegmentName="seg_0" id="CD208BEA-B3C1-44CF-C650-30B72386E010" name="Edukator">
<createdBy>test</createdBy>
<createdTime>2022-10-31 18:18:36 UTC</createdTime>
<ownerDesignName>ActivePass</ownerDesignName>
<ordsAlias>table_21</ordsAlias>
<allowColumnReorder>false</allowColumnReorder>
<existDependencyGenerateInDDl>true</existDependencyGenerateInDDl>
<parsed>true</parsed>
<columns itemClass="oracle.dbtools.crest.model.design.relational.Column">
<Column name="Zaposleni_ID zaposlenog" id="6F5E5EBB-04F9-4FB1-41A6-76EFE1724FFD">
<createdBy>test</createdBy>
<createdTime>2022-10-31 18:47:38 UTC</createdTime>
<ownerDesignName>ActivePass</ownerDesignName>
<useDomainConstraints>false</useDomainConstraints>
<use>1</use>
<logicalDatatype>LOGDT011</logicalDatatype>
<ownDataTypeParameters>,,</ownDataTypeParameters>
<previousColumn>false</previousColumn>
<autoIncrementCycle>false</autoIncrementCycle>
</Column>
<Column name="Stepen obrazovanja" id="1426F958-67CC-53BD-355D-5031E8D79B12">
<createdBy>test</createdBy>
<createdTime>2022-10-31 18:51:25 UTC</createdTime>
<ownerDesignName>ActivePass</ownerDesignName>
<nullsAllowed>true</nullsAllowed>
<useDomainConstraints>false</useDomainConstraints>
<use>1</use>
<logicalDatatype>LOGDT024</logicalDatatype>
<ownDataTypeParameters>,,</ownDataTypeParameters>
<autoIncrementCycle>false</autoIncrementCycle>
</Column>
<Column name="Trener_Zaposleni_ID zaposlenog" id="A97990FD-951B-D8D4-A1D6-AA29DC7F4086">
<createdBy>test</createdBy>
<createdTime>2022-10-31 18:58:14 UTC</createdTime>
<ownerDesignName>ActivePass</ownerDesignName>
<useDomainConstraints>false</useDomainConstraints>
<use>1</use>
<logicalDatatype>LOGDT011</logicalDatatype>
<ownDataTypeParameters>,,</ownDataTypeParameters>
<previousColumn>false</previousColumn>
<autoIncrementCycle>false</autoIncrementCycle>
<associations>
<colAssociation fkAssociation="39215E57-ABA4-3E19-190F-80B276EB5042" referredColumn="8A9D5886-3602-B2DA-22A8-37E30C02FEA2"/>
</associations>
</Column>
</columns>
<indexes itemClass="oracle.dbtools.crest.model.design.relational.Index">
<ind_PK_UK id="BFEABA49-694E-EA01-DF3F-7BEEEE0B6625" name="Edukator_PK">
<createdBy>test</createdBy>
<createdTime>2022-10-31 18:47:45 UTC</createdTime>
<ownerDesignName>ActivePass</ownerDesignName>
<pk>true</pk>
<indexState>Primary Constraint</indexState>
<isSurrogateKey>false</isSurrogateKey>
<indexColumnUsage>
<colUsage columnID="A97990FD-951B-D8D4-A1D6-AA29DC7F4086"/>
</indexColumnUsage>
</ind_PK_UK>
<ind_PK_UK id="A342B49B-9AF2-1849-0A56-6FDACA78F8C0" name="Edukator_Trener_FK">
<createdBy>test</createdBy>
<createdTime>2022-10-31 18:58:14 UTC</createdTime>
<ownerDesignName>ActivePass</ownerDesignName>
<indexState>Foreign Key</indexState>
<isSurrogateKey>false</isSurrogateKey>
<indexColumnUsage>
<colUsage columnID="A97990FD-951B-D8D4-A1D6-AA29DC7F4086"/>
</indexColumnUsage>
</ind_PK_UK>
</indexes>
</Table>
