<?xml version = '1.0' encoding = 'UTF-8'?>
<Table class="oracle.dbtools.crest.model.design.relational.Table" directorySegmentName="seg_0" id="E2BB08EB-2B8B-52EC-9FE9-E91C623E4893" name="Disciplina">
<createdBy>test</createdBy>
<createdTime>2022-10-31 18:48:36 UTC</createdTime>
<ownerDesignName>ActivePass</ownerDesignName>
<ordsAlias>table_23</ordsAlias>
<allowColumnReorder>false</allowColumnReorder>
<existDependencyGenerateInDDl>true</existDependencyGenerateInDDl>
<parsed>true</parsed>
<columns itemClass="oracle.dbtools.crest.model.design.relational.Column">
<Column name="ID disciplina" id="0C3083C8-1790-958F-3BD8-2640552F5254">
<createdBy>test</createdBy>
<createdTime>2022-10-31 18:49:19 UTC</createdTime>
<ownerDesignName>ActivePass</ownerDesignName>
<use>0</use>
<ownDataTypeParameters>,,</ownDataTypeParameters>
<autoIncrementCycle>false</autoIncrementCycle>
</Column>
<Column name="Ime" id="A851018B-A3F0-D58A-46CE-D8DE77895B62">
<createdBy>test</createdBy>
<createdTime>2022-10-31 18:49:19 UTC</createdTime>
<ownerDesignName>ActivePass</ownerDesignName>
<nullsAllowed>true</nullsAllowed>
<useDomainConstraints>false</useDomainConstraints>
<use>1</use>
<logicalDatatype>LOGDT024</logicalDatatype>
<ownDataTypeParameters>,,</ownDataTypeParameters>
<autoIncrementCycle>false</autoIncrementCycle>
</Column>
<Column name="Zaposleni_ID zaposlenog" id="F7064A3F-486B-468E-2494-DE3885027F57">
<createdBy>test</createdBy>
<createdTime>2022-10-31 18:49:58 UTC</createdTime>
<ownerDesignName>ActivePass</ownerDesignName>
<useDomainConstraints>false</useDomainConstraints>
<use>1</use>
<logicalDatatype>LOGDT011</logicalDatatype>
<ownDataTypeParameters>,,</ownDataTypeParameters>
<previousColumn>false</previousColumn>
<autoIncrementCycle>false</autoIncrementCycle>
<associations>
<colAssociation fkAssociation="CA72E74A-4C07-7887-D9EF-07AF1823CC0F" referredColumn="C7D59D42-36A1-F713-32A8-109D45B397B1"/>
</associations>
</Column>
</columns>
<indexes itemClass="oracle.dbtools.crest.model.design.relational.Index">
<ind_PK_UK id="5C7E05D7-49EE-B228-E809-582F0E8638AD" name="Disciplina_PK">
<createdBy>test</createdBy>
<createdTime>2022-10-31 18:49:19 UTC</createdTime>
<ownerDesignName>ActivePass</ownerDesignName>
<pk>true</pk>
<indexState>Primary Constraint</indexState>
<isSurrogateKey>false</isSurrogateKey>
<indexColumnUsage>
<colUsage columnID="0C3083C8-1790-958F-3BD8-2640552F5254"/>
</indexColumnUsage>
</ind_PK_UK>
<ind_PK_UK id="3EDAA60B-BA2F-D793-3B36-5992F0D842F7" name="Disciplina_Zaposleni_FK">
<createdBy>test</createdBy>
<createdTime>2022-10-31 18:49:58 UTC</createdTime>
<ownerDesignName>ActivePass</ownerDesignName>
<indexState>Foreign Key</indexState>
<isSurrogateKey>false</isSurrogateKey>
<indexColumnUsage>
<colUsage columnID="F7064A3F-486B-468E-2494-DE3885027F57"/>
</indexColumnUsage>
</ind_PK_UK>
</indexes>
</Table>
