<?xml version = '1.0' encoding = 'UTF-8'?>
<Table class="oracle.dbtools.crest.model.design.relational.Table" directorySegmentName="seg_0" id="E450161C-3AD8-5260-3284-A4F27EC05BD1" name="Cena Usluge">
<createdBy>test</createdBy>
<createdTime>2022-11-01 11:51:43 UTC</createdTime>
<ownerDesignName>ActivePass</ownerDesignName>
<ordsAlias>table_25</ordsAlias>
<allowColumnReorder>false</allowColumnReorder>
<existDependencyGenerateInDDl>true</existDependencyGenerateInDDl>
<parsed>true</parsed>
<columns itemClass="oracle.dbtools.crest.model.design.relational.Column">
<Column name="ID cene usluge" id="4CC10D35-0F39-9BB1-B12D-7B1C853AC41B">
<createdBy>test</createdBy>
<createdTime>2022-11-01 11:52:46 UTC</createdTime>
<ownerDesignName>ActivePass</ownerDesignName>
<useDomainConstraints>false</useDomainConstraints>
<use>1</use>
<logicalDatatype>LOGDT011</logicalDatatype>
<ownDataTypeParameters>,,</ownDataTypeParameters>
<autoIncrementCycle>false</autoIncrementCycle>
</Column>
<Column name="Cena" id="9BBADA31-B628-1F62-E782-2995E769FDD5">
<createdBy>test</createdBy>
<createdTime>2022-11-01 11:52:46 UTC</createdTime>
<ownerDesignName>ActivePass</ownerDesignName>
<nullsAllowed>true</nullsAllowed>
<useDomainConstraints>false</useDomainConstraints>
<use>1</use>
<logicalDatatype>LOGDT043</logicalDatatype>
<ownDataTypeParameters>,,</ownDataTypeParameters>
<autoIncrementCycle>false</autoIncrementCycle>
</Column>
<Column name="Usluga Trenera_ID usluge" id="CBAAC478-7721-B4D1-C8CA-AF8A7448EBA5">
<createdBy>test</createdBy>
<createdTime>2022-11-01 11:53:14 UTC</createdTime>
<ownerDesignName>ActivePass</ownerDesignName>
<useDomainConstraints>false</useDomainConstraints>
<use>1</use>
<logicalDatatype>LOGDT011</logicalDatatype>
<ownDataTypeParameters>,,</ownDataTypeParameters>
<previousColumn>false</previousColumn>
<autoIncrementCycle>false</autoIncrementCycle>
<associations>
<colAssociation fkAssociation="78E5963A-BE4F-2780-152A-41589C5D0129" referredColumn="F583DCED-019F-A178-5E8B-5638799264A0"/>
</associations>
</Column>
</columns>
<indexes itemClass="oracle.dbtools.crest.model.design.relational.Index">
<ind_PK_UK id="2AA2C81D-B33E-BA61-509A-793B95D3B66B" name="Cena Usluge_PK">
<createdBy>test</createdBy>
<createdTime>2022-11-01 11:52:46 UTC</createdTime>
<ownerDesignName>ActivePass</ownerDesignName>
<pk>true</pk>
<indexState>Primary Constraint</indexState>
<isSurrogateKey>false</isSurrogateKey>
<indexColumnUsage>
<colUsage columnID="4CC10D35-0F39-9BB1-B12D-7B1C853AC41B"/>
</indexColumnUsage>
</ind_PK_UK>
<ind_PK_UK id="4CDBCA27-8FF3-50AC-931C-1D2DE1006D56" name="Cena Usluge_Usluga Trenera_FK">
<createdBy>test</createdBy>
<createdTime>2022-11-01 11:53:14 UTC</createdTime>
<ownerDesignName>ActivePass</ownerDesignName>
<indexState>Foreign Key</indexState>
<isSurrogateKey>false</isSurrogateKey>
<indexColumnUsage>
<colUsage columnID="CBAAC478-7721-B4D1-C8CA-AF8A7448EBA5"/>
</indexColumnUsage>
</ind_PK_UK>
</indexes>
</Table>
