<?xml version = '1.0' encoding = 'UTF-8'?>
<Table class="oracle.dbtools.crest.model.design.relational.Table" directorySegmentName="seg_0" id="EA2D6FA1-0208-BCDF-D58E-CA4C03A20962" name="Region">
<createdBy>test</createdBy>
<createdTime>2022-10-26 11:43:02 UTC</createdTime>
<ownerDesignName>ActivePass</ownerDesignName>
<ordsAlias>table_16</ordsAlias>
<allowColumnReorder>false</allowColumnReorder>
<existDependencyGenerateInDDl>true</existDependencyGenerateInDDl>
<parsed>true</parsed>
<columns itemClass="oracle.dbtools.crest.model.design.relational.Column">
<Column name="Naziv regiona" id="F989E696-10D4-8CCE-4270-CE3BF89E8449">
<createdBy>test</createdBy>
<createdTime>2022-10-26 11:44:11 UTC</createdTime>
<ownerDesignName>ActivePass</ownerDesignName>
<nullsAllowed>true</nullsAllowed>
<useDomainConstraints>false</useDomainConstraints>
<use>1</use>
<logicalDatatype>LOGDT024</logicalDatatype>
<dataTypeSize>30</dataTypeSize>
<ownDataTypeParameters>30,,</ownDataTypeParameters>
<autoIncrementCycle>false</autoIncrementCycle>
</Column>
<Column name="ID regiona" id="8940498A-0B88-F5F5-BA48-6804340B02C2">
<createdBy>test</createdBy>
<createdTime>2022-10-26 11:44:11 UTC</createdTime>
<ownerDesignName>ActivePass</ownerDesignName>
<useDomainConstraints>false</useDomainConstraints>
<use>1</use>
<logicalDatatype>LOGDT011</logicalDatatype>
<ownDataTypeParameters>,,</ownDataTypeParameters>
<autoIncrementCycle>false</autoIncrementCycle>
</Column>
</columns>
<indexes itemClass="oracle.dbtools.crest.model.design.relational.Index">
<ind_PK_UK id="EFD15E3B-6634-D8CD-E2B2-41C418C1029A" name="Region_PK">
<createdBy>test</createdBy>
<createdTime>2022-10-26 11:44:11 UTC</createdTime>
<ownerDesignName>ActivePass</ownerDesignName>
<pk>true</pk>
<indexState>Primary Constraint</indexState>
<isSurrogateKey>false</isSurrogateKey>
<indexColumnUsage>
<colUsage columnID="8940498A-0B88-F5F5-BA48-6804340B02C2"/>
</indexColumnUsage>
</ind_PK_UK>
</indexes>
</Table>
