<?xml version = '1.0' encoding = 'UTF-8'?>
<Table class="oracle.dbtools.crest.model.design.relational.Table" directorySegmentName="seg_0" id="F5C23997-691E-35E5-469E-0C7AD88D3A97" name="Vreme">
<createdBy>test</createdBy>
<createdTime>2022-10-31 17:36:41 UTC</createdTime>
<ownerDesignName>ActivePass</ownerDesignName>
<ordsAlias>table_18</ordsAlias>
<allowColumnReorder>false</allowColumnReorder>
<existDependencyGenerateInDDl>true</existDependencyGenerateInDDl>
<parsed>true</parsed>
<columns itemClass="oracle.dbtools.crest.model.design.relational.Column">
<Column name="ID vreme" id="9ED55B23-B0A8-294F-9E98-641B90FFBF7D">
<createdBy>test</createdBy>
<createdTime>2022-10-31 17:37:33 UTC</createdTime>
<ownerDesignName>ActivePass</ownerDesignName>
<useDomainConstraints>false</useDomainConstraints>
<use>1</use>
<logicalDatatype>LOGDT008</logicalDatatype>
<ownDataTypeParameters>,,</ownDataTypeParameters>
<autoIncrementCycle>false</autoIncrementCycle>
</Column>
<Column name="Datum i vreme" id="E3042656-2BAF-E43D-BD3D-4E2728B6A331">
<createdBy>test</createdBy>
<createdTime>2022-10-31 17:37:33 UTC</createdTime>
<ownerDesignName>ActivePass</ownerDesignName>
<nullsAllowed>true</nullsAllowed>
<useDomainConstraints>false</useDomainConstraints>
<use>1</use>
<logicalDatatype>LOGDT008</logicalDatatype>
<ownDataTypeParameters>,,</ownDataTypeParameters>
<autoIncrementCycle>false</autoIncrementCycle>
</Column>
</columns>
<indexes itemClass="oracle.dbtools.crest.model.design.relational.Index">
<ind_PK_UK id="F9069198-39A0-F90C-220F-1E94AD409489" name="Vreme_PK">
<createdBy>test</createdBy>
<createdTime>2022-10-31 17:37:33 UTC</createdTime>
<ownerDesignName>ActivePass</ownerDesignName>
<pk>true</pk>
<indexState>Primary Constraint</indexState>
<isSurrogateKey>false</isSurrogateKey>
<indexColumnUsage>
<colUsage columnID="9ED55B23-B0A8-294F-9E98-641B90FFBF7D"/>
</indexColumnUsage>
</ind_PK_UK>
</indexes>
</Table>
