<?xml version = '1.0' encoding = 'UTF-8'?>
<FKIndexAssociation class="oracle.dbtools.crest.model.design.relational.FKIndexAssociation" directorySegmentName="seg_0" id="00E7018C-54A1-6CC3-41C8-1F1076994745" containerWithKeyObject="3A21E9A9-7507-F9E7-D52C-06D867B44C49" localFKIndex="9E83CCEB-90B7-50D3-FEEF-5C7B4223A3E1" name="Neaktivan Član_Korisnik_FK">
<createdBy>test</createdBy>
<createdTime>2022-10-26 15:36:36 UTC</createdTime>
<ownerDesignName>ActivePass</ownerDesignName>
<referredTableLongName>Korisnik</referredTableLongName>
<deleteRule>NO ACTION</deleteRule>
<referredTableID>89D90EC7-2B61-F170-B742-C9E74C8AB329</referredTableID>
<keyObject>5746A5F4-2530-0D31-88EA-A6EAF0E84720</keyObject>
<referredKeyID>5746A5F4-2530-0D31-88EA-A6EAF0E84720</referredKeyID>
<mandatory>true</mandatory>
<refColNames>Broj naloga</refColNames>
<transferable>true</transferable>
<rely>false</rely>
<columnDependencyConstraintGenerateInDDL>true</columnDependencyConstraintGenerateInDDL>
</FKIndexAssociation>
