<?xml version = '1.0' encoding = 'UTF-8'?>
<FKIndexAssociation class="oracle.dbtools.crest.model.design.relational.FKIndexAssociation" directorySegmentName="seg_0" id="13607B4C-D825-D4F7-96DE-7D721559BFD6" containerWithKeyObject="228C7F8B-2EC4-9E41-7F8D-CFA8D27BA2D9" localFKIndex="D17C12C4-ED96-DAA9-B65A-807D6C82B9CF" name="Objerkat_Paket_FK">
<createdBy>test</createdBy>
<createdTime>2022-10-31 17:16:28 UTC</createdTime>
<ownerDesignName>ActivePass</ownerDesignName>
<referredTableLongName>Paket</referredTableLongName>
<deleteRule>NO ACTION</deleteRule>
<referredTableID>A5E271C7-13B1-1B45-CEC0-1280B851DA51</referredTableID>
<keyObject>DFC43599-D150-4BAD-B997-7F282871EEBC</keyObject>
<referredKeyID>DFC43599-D150-4BAD-B997-7F282871EEBC</referredKeyID>
<mandatory>true</mandatory>
<refColNames>ID paketa</refColNames>
<transferable>true</transferable>
<rely>false</rely>
<columnDependencyConstraintGenerateInDDL>true</columnDependencyConstraintGenerateInDDL>
</FKIndexAssociation>
