<?xml version = '1.0' encoding = 'UTF-8'?>
<FKIndexAssociation class="oracle.dbtools.crest.model.design.relational.FKIndexAssociation" directorySegmentName="seg_0" id="1C8E1F85-6648-FA43-A4E6-A224E2A8E523" containerWithKeyObject="1E6E8109-044E-A94F-9339-8EE067E87C7C" localFKIndex="5E48B448-F927-038C-8A9C-D873D8F331CE" name="Usluga Trenera_Aktivan Član_FK">
<createdBy>test</createdBy>
<createdTime>2022-11-01 11:43:13 UTC</createdTime>
<ownerDesignName>ActivePass</ownerDesignName>
<referredTableLongName>Aktivan Član</referredTableLongName>
<deleteRule>NO ACTION</deleteRule>
<referredTableID>3357D961-9993-0759-2ABC-6AF024D6D464</referredTableID>
<keyObject>578C7C77-D147-F534-CF7D-4229A93A038A</keyObject>
<referredKeyID>578C7C77-D147-F534-CF7D-4229A93A038A</referredKeyID>
<mandatory>true</mandatory>
<refColNames>Korisnik_Broj naloga</refColNames>
<transferable>true</transferable>
<rely>false</rely>
<columnDependencyConstraintGenerateInDDL>true</columnDependencyConstraintGenerateInDDL>
</FKIndexAssociation>
