<?xml version = '1.0' encoding = 'UTF-8'?>
<FKIndexAssociation class="oracle.dbtools.crest.model.design.relational.FKIndexAssociation" directorySegmentName="seg_0" id="1CADC816-EEE5-B82A-436C-C6A85DF5EA77" containerWithKeyObject="34E31817-3DA7-31F1-73FE-38FA14441E60" localFKIndex="A7FFE30C-FFEF-E5CB-DE2F-60180BDDDD43" name="Podobjekat_Objerkat_FK">
<createdBy>test</createdBy>
<createdTime>2022-10-31 17:24:03 UTC</createdTime>
<ownerDesignName>ActivePass</ownerDesignName>
<referredTableLongName>Objerkat</referredTableLongName>
<deleteRule>NO ACTION</deleteRule>
<referredTableID>228C7F8B-2EC4-9E41-7F8D-CFA8D27BA2D9</referredTableID>
<keyObject>834E5FD7-FD77-49F1-AECE-50DD71FA1F2A</keyObject>
<referredKeyID>834E5FD7-FD77-49F1-AECE-50DD71FA1F2A</referredKeyID>
<mandatory>true</mandatory>
<refColNames>ID objekta</refColNames>
<transferable>true</transferable>
<rely>false</rely>
<columnDependencyConstraintGenerateInDDL>true</columnDependencyConstraintGenerateInDDL>
</FKIndexAssociation>
