<?xml version = '1.0' encoding = 'UTF-8'?>
<FKIndexAssociation class="oracle.dbtools.crest.model.design.relational.FKIndexAssociation" directorySegmentName="seg_0" id="29F7C0EC-6DBF-DDC0-24DA-53834CDF6135" containerWithKeyObject="4845C0D5-844A-E471-D34A-91D1252B8523" localFKIndex="D89D3573-D57A-95DD-80C6-F4CA4620441A" name="Zaposleni_Disciplina_FK">
<createdBy>test</createdBy>
<createdTime>2022-10-31 18:50:03 UTC</createdTime>
<ownerDesignName>ActivePass</ownerDesignName>
<referredTableLongName>Disciplina</referredTableLongName>
<deleteRule>NO ACTION</deleteRule>
<referredTableID>E2BB08EB-2B8B-52EC-9FE9-E91C623E4893</referredTableID>
<keyObject>5C7E05D7-49EE-B228-E809-582F0E8638AD</keyObject>
<referredKeyID>5C7E05D7-49EE-B228-E809-582F0E8638AD</referredKeyID>
<mandatory>true</mandatory>
<refColNames>ID disciplina</refColNames>
<transferable>true</transferable>
<rely>false</rely>
<columnDependencyConstraintGenerateInDDL>true</columnDependencyConstraintGenerateInDDL>
</FKIndexAssociation>
