<?xml version = '1.0' encoding = 'UTF-8'?>
<FKIndexAssociation class="oracle.dbtools.crest.model.design.relational.FKIndexAssociation" directorySegmentName="seg_0" id="2C30451B-7B2E-9252-437C-4DF81F8EF2C8" containerWithKeyObject="89D90EC7-2B61-F170-B742-C9E74C8AB329" localFKIndex="5DDF563E-8C89-2ADC-1830-33DF16EF41AF" name="Korisnik_Paket_FK">
<createdBy>test</createdBy>
<createdTime>2022-10-31 18:14:10 UTC</createdTime>
<ownerDesignName>ActivePass</ownerDesignName>
<referredTableLongName>Paket</referredTableLongName>
<deleteRule>NO ACTION</deleteRule>
<referredTableID>A5E271C7-13B1-1B45-CEC0-1280B851DA51</referredTableID>
<keyObject>DFC43599-D150-4BAD-B997-7F282871EEBC</keyObject>
<referredKeyID>DFC43599-D150-4BAD-B997-7F282871EEBC</referredKeyID>
<mandatory>true</mandatory>
<refColNames>ID paketa</refColNames>
<transferable>true</transferable>
<rely>false</rely>
<columnDependencyConstraintGenerateInDDL>true</columnDependencyConstraintGenerateInDDL>
</FKIndexAssociation>
