<?xml version = '1.0' encoding = 'UTF-8'?>
<FKIndexAssociation class="oracle.dbtools.crest.model.design.relational.FKIndexAssociation" directorySegmentName="seg_0" id="36C61759-524E-F33D-3C1A-AB9C060BDB82" containerWithKeyObject="1E6E8109-044E-A94F-9339-8EE067E87C7C" localFKIndex="639122AA-4456-2730-955F-47041F276B60" name="Usluga Trenera_Edukator_FK">
<createdBy>test</createdBy>
<createdTime>2022-10-31 19:12:13 UTC</createdTime>
<ownerDesignName>ActivePass</ownerDesignName>
<referredTableLongName>Edukator</referredTableLongName>
<deleteRule>NO ACTION</deleteRule>
<referredTableID>CD208BEA-B3C1-44CF-C650-30B72386E010</referredTableID>
<keyObject>BFEABA49-694E-EA01-DF3F-7BEEEE0B6625</keyObject>
<referredKeyID>BFEABA49-694E-EA01-DF3F-7BEEEE0B6625</referredKeyID>
<mandatory>true</mandatory>
<refColNames>Trener_Zaposleni_ID zaposlenog</refColNames>
<transferable>true</transferable>
<rely>false</rely>
<columnDependencyConstraintGenerateInDDL>true</columnDependencyConstraintGenerateInDDL>
</FKIndexAssociation>
