<?xml version = '1.0' encoding = 'UTF-8'?>
<FKIndexAssociation class="oracle.dbtools.crest.model.design.relational.FKIndexAssociation" directorySegmentName="seg_0" id="36E91209-2A80-AD24-CE17-DE1D3566C843" containerWithKeyObject="228C7F8B-2EC4-9E41-7F8D-CFA8D27BA2D9" localFKIndex="A2DF66E9-8975-DFD5-A6A4-77EB1201EE87" name="Objerkat_Firma_FK">
<createdBy>test</createdBy>
<createdTime>2022-10-14 10:28:20 UTC</createdTime>
<ownerDesignName>Nesto</ownerDesignName>
<referredTableLongName>Firma</referredTableLongName>
<deleteRule>NO ACTION</deleteRule>
<referredTableID>6D4A1C64-6740-A673-CD81-99A0786A47A8</referredTableID>
<keyObject>4D6E80F7-E86F-FE01-5A44-8E9E4DF72322</keyObject>
<referredKeyID>4D6E80F7-E86F-FE01-5A44-8E9E4DF72322</referredKeyID>
<mandatory>true</mandatory>
<refColNames>PIB</refColNames>
<transferable>true</transferable>
<rely>false</rely>
<columnDependencyConstraintGenerateInDDL>true</columnDependencyConstraintGenerateInDDL>
</FKIndexAssociation>