<?xml version = '1.0' encoding = 'UTF-8'?>
<FKIndexAssociation class="oracle.dbtools.crest.model.design.relational.FKIndexAssociation" directorySegmentName="seg_0" id="385F2F2F-51CA-ADAB-3A84-D2F209F8D5D9" containerWithKeyObject="C23FEA9E-86EF-FAC6-5015-42F63683DBED" localFKIndex="BABE4A3A-DAE5-EAEC-BB17-97E6CD82E56A" name="Komentar_Korisnik_FK">
<createdBy>test</createdBy>
<createdTime>2022-10-31 17:01:43 UTC</createdTime>
<ownerDesignName>ActivePass</ownerDesignName>
<referredTableLongName>Korisnik</referredTableLongName>
<deleteRule>NO ACTION</deleteRule>
<referredTableID>89D90EC7-2B61-F170-B742-C9E74C8AB329</referredTableID>
<keyObject>5746A5F4-2530-0D31-88EA-A6EAF0E84720</keyObject>
<referredKeyID>5746A5F4-2530-0D31-88EA-A6EAF0E84720</referredKeyID>
<mandatory>true</mandatory>
<refColNames>Broj naloga</refColNames>
<transferable>true</transferable>
<rely>false</rely>
<columnDependencyConstraintGenerateInDDL>true</columnDependencyConstraintGenerateInDDL>
</FKIndexAssociation>
