<?xml version = '1.0' encoding = 'UTF-8'?>
<FKIndexAssociation class="oracle.dbtools.crest.model.design.relational.FKIndexAssociation" directorySegmentName="seg_0" id="388C4E31-3B99-695F-41BB-DA6E9F4975DC" containerWithKeyObject="1E6E8109-044E-A94F-9339-8EE067E87C7C" localFKIndex="5E00FB1D-706B-F9C7-B872-3D0DBDDC77DD" name="Usluga Trenera_Tip Usluge_FK">
<createdBy>test</createdBy>
<createdTime>2022-10-31 19:07:16 UTC</createdTime>
<ownerDesignName>ActivePass</ownerDesignName>
<referredTableLongName>Tip Usluge</referredTableLongName>
<deleteRule>NO ACTION</deleteRule>
<referredTableID>156C9131-BDA0-69DE-0D90-586F286F616F</referredTableID>
<keyObject>64C8CC44-50E2-CD06-0D00-A226FDD6BF71</keyObject>
<referredKeyID>64C8CC44-50E2-CD06-0D00-A226FDD6BF71</referredKeyID>
<mandatory>true</mandatory>
<refColNames>ID Tip Usluge</refColNames>
<transferable>true</transferable>
<rely>false</rely>
<columnDependencyConstraintGenerateInDDL>true</columnDependencyConstraintGenerateInDDL>
</FKIndexAssociation>
