<?xml version = '1.0' encoding = 'UTF-8'?>
<FKIndexAssociation class="oracle.dbtools.crest.model.design.relational.FKIndexAssociation" directorySegmentName="seg_0" id="39215E57-ABA4-3E19-190F-80B276EB5042" containerWithKeyObject="CD208BEA-B3C1-44CF-C650-30B72386E010" localFKIndex="A342B49B-9AF2-1849-0A56-6FDACA78F8C0" name="Edukator_Trener_FK">
<createdBy>test</createdBy>
<createdTime>2022-10-31 18:58:14 UTC</createdTime>
<ownerDesignName>ActivePass</ownerDesignName>
<referredTableLongName>Trener</referredTableLongName>
<deleteRule>NO ACTION</deleteRule>
<referredTableID>3B4221DD-7941-EE3F-FE7B-CC48D959866E</referredTableID>
<keyObject>A22A0A14-3B81-8EAD-52DC-C656900EF61B</keyObject>
<referredKeyID>A22A0A14-3B81-8EAD-52DC-C656900EF61B</referredKeyID>
<mandatory>true</mandatory>
<refColNames>Zaposleni_ID zaposlenog</refColNames>
<transferable>true</transferable>
<rely>false</rely>
<columnDependencyConstraintGenerateInDDL>true</columnDependencyConstraintGenerateInDDL>
</FKIndexAssociation>
