<?xml version = '1.0' encoding = 'UTF-8'?>
<FKIndexAssociation class="oracle.dbtools.crest.model.design.relational.FKIndexAssociation" directorySegmentName="seg_0" id="3DEBB04A-AB1F-04B5-FF93-9DE27D195C2E" containerWithKeyObject="1E6E8109-044E-A94F-9339-8EE067E87C7C" localFKIndex="4AE63475-963F-AB94-3017-77F22AE396A4" name="Usluga Trenera_Trener_FK">
<createdBy>test</createdBy>
<createdTime>2022-10-31 19:12:04 UTC</createdTime>
<ownerDesignName>ActivePass</ownerDesignName>
<referredTableLongName>Trener</referredTableLongName>
<deleteRule>NO ACTION</deleteRule>
<referredTableID>3B4221DD-7941-EE3F-FE7B-CC48D959866E</referredTableID>
<keyObject>A22A0A14-3B81-8EAD-52DC-C656900EF61B</keyObject>
<referredKeyID>A22A0A14-3B81-8EAD-52DC-C656900EF61B</referredKeyID>
<mandatory>true</mandatory>
<refColNames>Zaposleni_ID zaposlenog</refColNames>
<transferable>true</transferable>
<rely>false</rely>
<columnDependencyConstraintGenerateInDDL>true</columnDependencyConstraintGenerateInDDL>
</FKIndexAssociation>
