<?xml version = '1.0' encoding = 'UTF-8'?>
<FKIndexAssociation class="oracle.dbtools.crest.model.design.relational.FKIndexAssociation" directorySegmentName="seg_0" id="478B56DB-C3A7-1D94-C4E8-EC0BA35297AF" containerWithKeyObject="A5E271C7-13B1-1B45-CEC0-1280B851DA51" localFKIndex="6243764A-E52D-5E82-869C-F3759D110F2F" name="Paket_Region_FK">
<createdBy>test</createdBy>
<createdTime>2022-10-26 11:48:38 UTC</createdTime>
<ownerDesignName>ActivePass</ownerDesignName>
<referredTableLongName>Region</referredTableLongName>
<deleteRule>NO ACTION</deleteRule>
<referredTableID>EA2D6FA1-0208-BCDF-D58E-CA4C03A20962</referredTableID>
<keyObject>EFD15E3B-6634-D8CD-E2B2-41C418C1029A</keyObject>
<referredKeyID>EFD15E3B-6634-D8CD-E2B2-41C418C1029A</referredKeyID>
<mandatory>true</mandatory>
<refColNames>ID regiona</refColNames>
<transferable>true</transferable>
<rely>false</rely>
<columnDependencyConstraintGenerateInDDL>true</columnDependencyConstraintGenerateInDDL>
</FKIndexAssociation>
