<?xml version = '1.0' encoding = 'UTF-8'?>
<FKIndexAssociation class="oracle.dbtools.crest.model.design.relational.FKIndexAssociation" directorySegmentName="seg_0" id="4F1DFEF9-D1A8-763E-526D-9F49EE8D5472" containerWithKeyObject="3B4221DD-7941-EE3F-FE7B-CC48D959866E" localFKIndex="BB776F94-FD58-9EBE-A38C-65B21E56969A" name="Trener_Zaposleni_FK">
<createdBy>test</createdBy>
<createdTime>2022-10-31 18:46:59 UTC</createdTime>
<ownerDesignName>ActivePass</ownerDesignName>
<referredTableLongName>Zaposleni</referredTableLongName>
<deleteRule>NO ACTION</deleteRule>
<referredTableID>4845C0D5-844A-E471-D34A-91D1252B8523</referredTableID>
<keyObject>AB5D5A72-0ABD-0B01-00C9-D158A69633A4</keyObject>
<referredKeyID>AB5D5A72-0ABD-0B01-00C9-D158A69633A4</referredKeyID>
<mandatory>true</mandatory>
<refColNames>ID zaposlenog</refColNames>
<transferable>true</transferable>
<rely>false</rely>
<columnDependencyConstraintGenerateInDDL>true</columnDependencyConstraintGenerateInDDL>
</FKIndexAssociation>
