<?xml version = '1.0' encoding = 'UTF-8'?>
<FKIndexAssociation class="oracle.dbtools.crest.model.design.relational.FKIndexAssociation" directorySegmentName="seg_0" id="5B0089A5-F24F-B794-86AC-DE4D0B8385F1" containerWithKeyObject="1E6E8109-044E-A94F-9339-8EE067E87C7C" localFKIndex="0E3BE4CA-F0B4-5752-D36F-520537A71F9F" name="Usluga Trenera_Trajanje_FK">
<createdBy>test</createdBy>
<createdTime>2022-10-31 19:08:58 UTC</createdTime>
<ownerDesignName>ActivePass</ownerDesignName>
<referredTableLongName>Trajanje</referredTableLongName>
<deleteRule>NO ACTION</deleteRule>
<referredTableID>6E84A6EC-D1B5-C16A-62B9-2653FF23AF44</referredTableID>
<keyObject>E91FE647-CDF5-7D04-5920-E85E37F81553</keyObject>
<referredKeyID>E91FE647-CDF5-7D04-5920-E85E37F81553</referredKeyID>
<mandatory>true</mandatory>
<refColNames>ID trajanja</refColNames>
<transferable>true</transferable>
<rely>false</rely>
<columnDependencyConstraintGenerateInDDL>true</columnDependencyConstraintGenerateInDDL>
</FKIndexAssociation>
