<?xml version = '1.0' encoding = 'UTF-8'?>
<FKIndexAssociation class="oracle.dbtools.crest.model.design.relational.FKIndexAssociation" directorySegmentName="seg_0" id="5E715B28-24A7-1F12-5D7A-012BF195EF5A" containerWithKeyObject="A5E271C7-13B1-1B45-CEC0-1280B851DA51" localFKIndex="C0B734EE-62D4-C291-EF6A-C6A384EDB427" name="Paket_Cena_FK">
<createdBy>test</createdBy>
<createdTime>2022-10-26 11:53:08 UTC</createdTime>
<ownerDesignName>ActivePass</ownerDesignName>
<referredTableLongName>Cena</referredTableLongName>
<deleteRule>NO ACTION</deleteRule>
<referredTableID>1ABB846F-09B0-4567-C36E-C561C58C679B</referredTableID>
<keyObject>1ABBE662-0F4F-2B40-4B17-ADD9205A11B6</keyObject>
<referredKeyID>1ABBE662-0F4F-2B40-4B17-ADD9205A11B6</referredKeyID>
<mandatory>true</mandatory>
<refColNames>ID Cene</refColNames>
<transferable>true</transferable>
<rely>false</rely>
<columnDependencyConstraintGenerateInDDL>true</columnDependencyConstraintGenerateInDDL>
</FKIndexAssociation>
