<?xml version = '1.0' encoding = 'UTF-8'?>
<FKIndexAssociation class="oracle.dbtools.crest.model.design.relational.FKIndexAssociation" directorySegmentName="seg_0" id="6A4933EE-FA82-9462-6ABF-820B223BD10D" containerWithKeyObject="1E6E8109-044E-A94F-9339-8EE067E87C7C" localFKIndex="3A82A466-288F-95F9-3C21-1FF4550B7F2E" name="Usluga Trenera_Disciplina_FK">
<createdBy>test</createdBy>
<createdTime>2022-11-01 11:39:31 UTC</createdTime>
<ownerDesignName>ActivePass</ownerDesignName>
<referredTableLongName>Disciplina</referredTableLongName>
<deleteRule>NO ACTION</deleteRule>
<referredTableID>E2BB08EB-2B8B-52EC-9FE9-E91C623E4893</referredTableID>
<keyObject>5C7E05D7-49EE-B228-E809-582F0E8638AD</keyObject>
<referredKeyID>5C7E05D7-49EE-B228-E809-582F0E8638AD</referredKeyID>
<mandatory>true</mandatory>
<refColNames>ID disciplina</refColNames>
<transferable>true</transferable>
<rely>false</rely>
<columnDependencyConstraintGenerateInDDL>true</columnDependencyConstraintGenerateInDDL>
</FKIndexAssociation>
