<?xml version = '1.0' encoding = 'UTF-8'?>
<FKIndexAssociation class="oracle.dbtools.crest.model.design.relational.FKIndexAssociation" directorySegmentName="seg_0" id="75737FA8-3AAC-F159-0111-60BFD72F7E89" containerWithKeyObject="36F4EFF3-4243-7C40-D705-DED4C6E607BA" localFKIndex="8ABE0845-3E5A-4B83-AAEF-EE62EE14FB03" name="Poseta_Objerkat_FK">
<createdBy>test</createdBy>
<createdTime>2022-10-21 17:41:28 UTC</createdTime>
<ownerDesignName>ActivePass</ownerDesignName>
<referredTableLongName>Objerkat</referredTableLongName>
<deleteRule>NO ACTION</deleteRule>
<referredTableID>228C7F8B-2EC4-9E41-7F8D-CFA8D27BA2D9</referredTableID>
<keyObject>834E5FD7-FD77-49F1-AECE-50DD71FA1F2A</keyObject>
<referredKeyID>834E5FD7-FD77-49F1-AECE-50DD71FA1F2A</referredKeyID>
<mandatory>true</mandatory>
<refColNames>ID objekta</refColNames>
<transferable>true</transferable>
<rely>false</rely>
<columnDependencyConstraintGenerateInDDL>true</columnDependencyConstraintGenerateInDDL>
</FKIndexAssociation>
