<?xml version = '1.0' encoding = 'UTF-8'?>
<FKIndexAssociation class="oracle.dbtools.crest.model.design.relational.FKIndexAssociation" directorySegmentName="seg_0" id="78E5963A-BE4F-2780-152A-41589C5D0129" containerWithKeyObject="E450161C-3AD8-5260-3284-A4F27EC05BD1" localFKIndex="4CDBCA27-8FF3-50AC-931C-1D2DE1006D56" name="Cena Usluge_Usluga Trenera_FK">
<createdBy>test</createdBy>
<createdTime>2022-11-01 11:53:14 UTC</createdTime>
<ownerDesignName>ActivePass</ownerDesignName>
<referredTableLongName>Usluga Trenera</referredTableLongName>
<deleteRule>NO ACTION</deleteRule>
<referredTableID>1E6E8109-044E-A94F-9339-8EE067E87C7C</referredTableID>
<keyObject>DDFF1DC6-C4D4-827E-04AF-B84BFCC9DD11</keyObject>
<referredKeyID>DDFF1DC6-C4D4-827E-04AF-B84BFCC9DD11</referredKeyID>
<mandatory>true</mandatory>
<refColNames>ID usluge</refColNames>
<transferable>true</transferable>
<rely>false</rely>
<columnDependencyConstraintGenerateInDDL>true</columnDependencyConstraintGenerateInDDL>
</FKIndexAssociation>
