<?xml version = '1.0' encoding = 'UTF-8'?>
<FKIndexAssociation class="oracle.dbtools.crest.model.design.relational.FKIndexAssociation" directorySegmentName="seg_0" id="8ECA0C70-E576-A7E0-3A7F-2841FC8603BA" containerWithKeyObject="741ABC12-8DA2-CFF6-A7BD-6B62A074981E" localFKIndex="D78CF264-1683-19D1-F908-A28E58AF9BFA" name="Trening Grupa_Aktivan Član_FK">
<createdBy>test</createdBy>
<createdTime>2022-10-31 19:03:05 UTC</createdTime>
<ownerDesignName>ActivePass</ownerDesignName>
<referredTableLongName>Aktivan Član</referredTableLongName>
<deleteRule>NO ACTION</deleteRule>
<referredTableID>3357D961-9993-0759-2ABC-6AF024D6D464</referredTableID>
<keyObject>578C7C77-D147-F534-CF7D-4229A93A038A</keyObject>
<referredKeyID>578C7C77-D147-F534-CF7D-4229A93A038A</referredKeyID>
<mandatory>true</mandatory>
<refColNames>Korisnik_Broj naloga</refColNames>
<transferable>true</transferable>
<rely>false</rely>
<columnDependencyConstraintGenerateInDDL>true</columnDependencyConstraintGenerateInDDL>
</FKIndexAssociation>
