<?xml version = '1.0' encoding = 'UTF-8'?>
<FKIndexAssociation class="oracle.dbtools.crest.model.design.relational.FKIndexAssociation" directorySegmentName="seg_0" id="90DC2741-F7CF-9A6D-16F0-002DF95182A8" containerWithKeyObject="36F4EFF3-4243-7C40-D705-DED4C6E607BA" localFKIndex="6E2AECD1-0328-2839-2ED7-CB4DF7629288" name="Poseta_Vreme_FK">
<createdBy>test</createdBy>
<createdTime>2022-10-31 17:37:46 UTC</createdTime>
<ownerDesignName>ActivePass</ownerDesignName>
<referredTableLongName>Vreme</referredTableLongName>
<deleteRule>NO ACTION</deleteRule>
<referredTableID>F5C23997-691E-35E5-469E-0C7AD88D3A97</referredTableID>
<keyObject>F9069198-39A0-F90C-220F-1E94AD409489</keyObject>
<referredKeyID>F9069198-39A0-F90C-220F-1E94AD409489</referredKeyID>
<mandatory>true</mandatory>
<refColNames>ID vreme</refColNames>
<transferable>true</transferable>
<rely>false</rely>
<columnDependencyConstraintGenerateInDDL>true</columnDependencyConstraintGenerateInDDL>
</FKIndexAssociation>
