<?xml version = '1.0' encoding = 'UTF-8'?>
<FKIndexAssociation class="oracle.dbtools.crest.model.design.relational.FKIndexAssociation" directorySegmentName="seg_0" id="B8393944-DF33-0625-E28B-4BA3CBDC3D95" containerWithKeyObject="3357D961-9993-0759-2ABC-6AF024D6D464" localFKIndex="635843D6-D7CB-D185-374B-9AAAA64F15EF" name="Aktivan Član_Korisnik_FK">
<createdBy>test</createdBy>
<createdTime>2022-10-26 15:35:56 UTC</createdTime>
<ownerDesignName>ActivePass</ownerDesignName>
<referredTableLongName>Korisnik</referredTableLongName>
<deleteRule>NO ACTION</deleteRule>
<referredTableID>89D90EC7-2B61-F170-B742-C9E74C8AB329</referredTableID>
<keyObject>5746A5F4-2530-0D31-88EA-A6EAF0E84720</keyObject>
<referredKeyID>5746A5F4-2530-0D31-88EA-A6EAF0E84720</referredKeyID>
<mandatory>true</mandatory>
<refColNames>Broj naloga</refColNames>
<transferable>true</transferable>
<rely>false</rely>
<columnDependencyConstraintGenerateInDDL>true</columnDependencyConstraintGenerateInDDL>
</FKIndexAssociation>
