<?xml version = '1.0' encoding = 'UTF-8'?>
<FKIndexAssociation class="oracle.dbtools.crest.model.design.relational.FKIndexAssociation" directorySegmentName="seg_0" id="CA72E74A-4C07-7887-D9EF-07AF1823CC0F" containerWithKeyObject="E2BB08EB-2B8B-52EC-9FE9-E91C623E4893" localFKIndex="3EDAA60B-BA2F-D793-3B36-5992F0D842F7" name="Disciplina_Zaposleni_FK">
<createdBy>test</createdBy>
<createdTime>2022-10-31 18:49:58 UTC</createdTime>
<ownerDesignName>ActivePass</ownerDesignName>
<referredTableLongName>Zaposleni</referredTableLongName>
<deleteRule>NO ACTION</deleteRule>
<referredTableID>4845C0D5-844A-E471-D34A-91D1252B8523</referredTableID>
<keyObject>AB5D5A72-0ABD-0B01-00C9-D158A69633A4</keyObject>
<referredKeyID>AB5D5A72-0ABD-0B01-00C9-D158A69633A4</referredKeyID>
<mandatory>true</mandatory>
<refColNames>ID zaposlenog</refColNames>
<transferable>true</transferable>
<rely>false</rely>
<columnDependencyConstraintGenerateInDDL>true</columnDependencyConstraintGenerateInDDL>
</FKIndexAssociation>
