<?xml version = '1.0' encoding = 'UTF-8'?>
<FKIndexAssociation class="oracle.dbtools.crest.model.design.relational.FKIndexAssociation" directorySegmentName="seg_0" id="DAD91B95-3CAF-D519-73B6-5E1BCEAAF344" containerWithKeyObject="C23FEA9E-86EF-FAC6-5015-42F63683DBED" localFKIndex="0B618D61-63D2-CB86-BFBF-5666C8097CF6" name="Komentar_Objerkat_FK">
<createdBy>test</createdBy>
<createdTime>2022-10-21 17:44:37 UTC</createdTime>
<ownerDesignName>ActivePass</ownerDesignName>
<referredTableLongName>Objerkat</referredTableLongName>
<deleteRule>NO ACTION</deleteRule>
<referredTableID>228C7F8B-2EC4-9E41-7F8D-CFA8D27BA2D9</referredTableID>
<keyObject>834E5FD7-FD77-49F1-AECE-50DD71FA1F2A</keyObject>
<referredKeyID>834E5FD7-FD77-49F1-AECE-50DD71FA1F2A</referredKeyID>
<mandatory>true</mandatory>
<refColNames>ID objekta</refColNames>
<transferable>true</transferable>
<rely>false</rely>
<columnDependencyConstraintGenerateInDDL>true</columnDependencyConstraintGenerateInDDL>
</FKIndexAssociation>
