<?xml version = '1.0' encoding = 'UTF-8'?>
<FKIndexAssociation class="oracle.dbtools.crest.model.design.relational.FKIndexAssociation" directorySegmentName="seg_0" id="E149B894-83A3-07CA-F2A2-38CA6CBFDD5F" containerWithKeyObject="3B4221DD-7941-EE3F-FE7B-CC48D959866E" localFKIndex="07D6EABE-920C-BC56-4DAD-8334385F4A25" name="Trener_Usluga Trenera_FK">
<createdBy>test</createdBy>
<createdTime>2022-10-31 19:11:47 UTC</createdTime>
<ownerDesignName>ActivePass</ownerDesignName>
<referredTableLongName>Usluga Trenera</referredTableLongName>
<deleteRule>NO ACTION</deleteRule>
<referredTableID>1E6E8109-044E-A94F-9339-8EE067E87C7C</referredTableID>
<keyObject>DDFF1DC6-C4D4-827E-04AF-B84BFCC9DD11</keyObject>
<referredKeyID>DDFF1DC6-C4D4-827E-04AF-B84BFCC9DD11</referredKeyID>
<mandatory>true</mandatory>
<refColNames>ID usluge</refColNames>
<transferable>true</transferable>
<rely>false</rely>
<columnDependencyConstraintGenerateInDDL>true</columnDependencyConstraintGenerateInDDL>
</FKIndexAssociation>
