<?xml version = '1.0' encoding = 'UTF-8'?>
<FKIndexAssociation class="oracle.dbtools.crest.model.design.relational.FKIndexAssociation" directorySegmentName="seg_0" id="E6241AF4-63E6-C62E-51BB-0B90B7C47617" containerWithKeyObject="741ABC12-8DA2-CFF6-A7BD-6B62A074981E" localFKIndex="5D162E8D-517A-42D4-5DB3-D0F827B88C0F" name="Trening Grupa_Usluga Trenera_FK">
<createdBy>test</createdBy>
<createdTime>2022-10-31 19:04:35 UTC</createdTime>
<ownerDesignName>ActivePass</ownerDesignName>
<referredTableLongName>Usluga Trenera</referredTableLongName>
<deleteRule>NO ACTION</deleteRule>
<referredTableID>1E6E8109-044E-A94F-9339-8EE067E87C7C</referredTableID>
<keyObject>DDFF1DC6-C4D4-827E-04AF-B84BFCC9DD11</keyObject>
<referredKeyID>DDFF1DC6-C4D4-827E-04AF-B84BFCC9DD11</referredKeyID>
<mandatory>true</mandatory>
<refColNames>ID usluge</refColNames>
<transferable>true</transferable>
<rely>false</rely>
<columnDependencyConstraintGenerateInDDL>true</columnDependencyConstraintGenerateInDDL>
</FKIndexAssociation>
