<?xml version = '1.0' encoding = 'UTF-8'?>
<FKIndexAssociation class="oracle.dbtools.crest.model.design.relational.FKIndexAssociation" directorySegmentName="seg_0" id="EC85DB8D-6A05-7D20-F02A-654F425FF32F" containerWithKeyObject="36F4EFF3-4243-7C40-D705-DED4C6E607BA" localFKIndex="7C90BD20-E960-50BE-94DB-D37DA498FDD4" name="Poseta_Firma_FK">
<createdBy>test</createdBy>
<createdTime>2022-10-31 17:35:24 UTC</createdTime>
<ownerDesignName>ActivePass</ownerDesignName>
<referredTableLongName>Firma</referredTableLongName>
<deleteRule>NO ACTION</deleteRule>
<referredTableID>6D4A1C64-6740-A673-CD81-99A0786A47A8</referredTableID>
<keyObject>4D6E80F7-E86F-FE01-5A44-8E9E4DF72322</keyObject>
<referredKeyID>4D6E80F7-E86F-FE01-5A44-8E9E4DF72322</referredKeyID>
<mandatory>true</mandatory>
<refColNames>PIB</refColNames>
<transferable>true</transferable>
<rely>false</rely>
<columnDependencyConstraintGenerateInDDL>true</columnDependencyConstraintGenerateInDDL>
</FKIndexAssociation>
