<?xml version = '1.0' encoding = 'UTF-8'?>
<FKIndexAssociation class="oracle.dbtools.crest.model.design.relational.FKIndexAssociation" directorySegmentName="seg_0" id="F8473E63-A6E4-9A9F-7D9D-2A4669E19EFF" containerWithKeyObject="A5E271C7-13B1-1B45-CEC0-1280B851DA51" localFKIndex="CDC7712D-3A57-ACEA-1B8D-8DB5D9565F16" name="Paket_Objerkat_FK">
<createdBy>test</createdBy>
<createdTime>2022-10-31 17:16:20 UTC</createdTime>
<ownerDesignName>ActivePass</ownerDesignName>
<referredTableLongName>Objerkat</referredTableLongName>
<deleteRule>NO ACTION</deleteRule>
<referredTableID>228C7F8B-2EC4-9E41-7F8D-CFA8D27BA2D9</referredTableID>
<keyObject>834E5FD7-FD77-49F1-AECE-50DD71FA1F2A</keyObject>
<referredKeyID>834E5FD7-FD77-49F1-AECE-50DD71FA1F2A</referredKeyID>
<mandatory>true</mandatory>
<refColNames>ID objekta</refColNames>
<transferable>true</transferable>
<rely>false</rely>
<columnDependencyConstraintGenerateInDDL>true</columnDependencyConstraintGenerateInDDL>
</FKIndexAssociation>
