<?xml version = '1.0' encoding = 'UTF-8'?>
<FKIndexAssociation class="oracle.dbtools.crest.model.design.relational.FKIndexAssociation" directorySegmentName="seg_0" id="FBF11A4F-ECED-82B5-A828-01FA081F89D2" containerWithKeyObject="36F4EFF3-4243-7C40-D705-DED4C6E607BA" localFKIndex="833AB569-9940-2AD3-55A6-BD6F7EFB58C3" name="Poseta_Aktivan Član_FK">
<createdBy>test</createdBy>
<createdTime>2022-10-21 17:40:37 UTC</createdTime>
<ownerDesignName>ActivePass</ownerDesignName>
<referredTableLongName>Aktivan Član</referredTableLongName>
<deleteRule>NO ACTION</deleteRule>
<referredTableID>3357D961-9993-0759-2ABC-6AF024D6D464</referredTableID>
<keyObject>578C7C77-D147-F534-CF7D-4229A93A038A</keyObject>
<referredKeyID>578C7C77-D147-F534-CF7D-4229A93A038A</referredKeyID>
<mandatory>true</mandatory>
<refColNames>Broj naloga</refColNames>
<transferable>true</transferable>
<rely>false</rely>
<columnDependencyConstraintGenerateInDDL>true</columnDependencyConstraintGenerateInDDL>
</FKIndexAssociation>
