<?xml version = '1.0' encoding = 'UTF-8'?>
<Table class="oracle.dbtools.crest.model.design.relational.Table" directorySegmentName="seg_0" id="3357D961-9993-0759-2ABC-6AF024D6D464" name="Aktivan Član">
<createdBy>test</createdBy>
<createdTime>2022-10-14 09:57:23 UTC</createdTime>
<ownerDesignName>ActivePass</ownerDesignName>
<ordsAlias>table_2</ordsAlias>
<allowColumnReorder>false</allowColumnReorder>
<existDependencyGenerateInDDl>true</existDependencyGenerateInDDl>
<parsed>true</parsed>
<columns itemClass="oracle.dbtools.crest.model.design.relational.Column">
<Column name="Preostali termini" id="F5D2923C-8F74-C9DA-13A6-086A95335DA1">
<createdBy>test</createdBy>
<createdTime>2022-10-14 10:01:24 UTC</createdTime>
<ownerDesignName>ActivePass</ownerDesignName>
<nullsAllowed>true</nullsAllowed>
<useDomainConstraints>false</useDomainConstraints>
<use>1</use>
<logicalDatatype>LOGDT011</logicalDatatype>
<ownDataTypeParameters>,,</ownDataTypeParameters>
<autoIncrementCycle>false</autoIncrementCycle>
</Column>
<Column name="Tip Člana_ID tipa člana" id="458DA2A3-8834-7002-32EC-1A111897BDB7">
<createdBy>test</createdBy>
<createdTime>2022-10-14 10:17:02 UTC</createdTime>
<ownerDesignName>ActivePass</ownerDesignName>
<useDomainConstraints>false</useDomainConstraints>
<use>1</use>
<logicalDatatype>LOGDT011</logicalDatatype>
<ownDataTypeParameters>,,</ownDataTypeParameters>
<previousColumn>false</previousColumn>
<autoIncrementCycle>false</autoIncrementCycle>
<associations>
<colAssociation fkAssociation="334529D7-FD1D-F244-C27F-1D077B1C25A1" referredColumn="F11C3EA5-D4A2-734D-2B09-BA7C2DEEE10D"/>
</associations>
</Column>
<Column name="Paket_ID paketa" id="FD85E494-8360-A247-E068-916D738A10A7">
<createdBy>test</createdBy>
<createdTime>2022-10-26 11:55:53 UTC</createdTime>
<ownerDesignName>ActivePass</ownerDesignName>
<useDomainConstraints>false</useDomainConstraints>
<use>1</use>
<logicalDatatype>LOGDT011</logicalDatatype>
<ownDataTypeParameters>,,</ownDataTypeParameters>
<previousColumn>false</previousColumn>
<autoIncrementCycle>false</autoIncrementCycle>
<associations>
<colAssociation fkAssociation="0AA281CC-73FE-766C-B40E-4575BED93EE2" referredColumn="19A7B201-AE40-A4D9-5EF4-17A2CA9C24D7"/>
</associations>
</Column>
<Column name="Korisnik_Broj naloga" id="612873FF-53A3-4358-DDE2-27C4EC558EF0">
<createdBy>test</createdBy>
<createdTime>2022-10-26 15:35:56 UTC</createdTime>
<ownerDesignName>ActivePass</ownerDesignName>
<useDomainConstraints>false</useDomainConstraints>
<use>1</use>
<logicalDatatype>LOGDT011</logicalDatatype>
<ownDataTypeParameters>,,</ownDataTypeParameters>
<previousColumn>false</previousColumn>
<autoIncrementCycle>false</autoIncrementCycle>
<associations>
<colAssociation fkAssociation="B8393944-DF33-0625-E28B-4BA3CBDC3D95" referredColumn="51541485-0DDA-449F-9156-955E92B89C83"/>
</associations>
</Column>
</columns>
<indexes itemClass="oracle.dbtools.crest.model.design.relational.Index">
<ind_PK_UK id="578C7C77-D147-F534-CF7D-4229A93A038A" name="Član_PK">
<createdBy>test</createdBy>
<createdTime>2022-10-14 10:01:24 UTC</createdTime>
<ownerDesignName>ActivePass</ownerDesignName>
<pk>true</pk>
<indexState>Primary Constraint</indexState>
<isSurrogateKey>false</isSurrogateKey>
<indexColumnUsage>
<colUsage columnID="612873FF-53A3-4358-DDE2-27C4EC558EF0"/>
</indexColumnUsage>
</ind_PK_UK>
<ind_PK_UK id="86CE43A9-B7D6-4C10-E251-B8A072716FC0" name="paketv1">
<createdBy>test</createdBy>
<createdTime>2022-10-14 10:17:02 UTC</createdTime>
<ownerDesignName>ActivePass</ownerDesignName>
<indexState>Foreign Key</indexState>
<isSurrogateKey>false</isSurrogateKey>
<indexColumnUsage>
<colUsage columnID="458DA2A3-8834-7002-32EC-1A111897BDB7"/>
</indexColumnUsage>
</ind_PK_UK>
<ind_PK_UK id="2686FA1F-2E25-4035-2EC5-18932837146C" name="Aktivan Član_Paket_FK">
<createdBy>test</createdBy>
<createdTime>2022-10-26 11:55:53 UTC</createdTime>
<ownerDesignName>ActivePass</ownerDesignName>
<indexState>Foreign Key</indexState>
<isSurrogateKey>false</isSurrogateKey>
<indexColumnUsage>
<colUsage columnID="FD85E494-8360-A247-E068-916D738A10A7"/>
</indexColumnUsage>
</ind_PK_UK>
<ind_PK_UK id="635843D6-D7CB-D185-374B-9AAAA64F15EF" name="Aktivan Član_Korisnik_FK">
<createdBy>test</createdBy>
<createdTime>2022-10-26 15:35:56 UTC</createdTime>
<ownerDesignName>ActivePass</ownerDesignName>
<indexState>Foreign Key</indexState>
<isSurrogateKey>false</isSurrogateKey>
<indexColumnUsage>
<colUsage columnID="612873FF-53A3-4358-DDE2-27C4EC558EF0"/>
</indexColumnUsage>
</ind_PK_UK>
</indexes>
</Table>
