<?xml version = '1.0' encoding = 'UTF-8'?>
<Table class="oracle.dbtools.crest.model.design.relational.Table" directorySegmentName="seg_0" id="649A0FCF-248E-B02D-64C8-3C272CF2ADFA" name="Beneficije">
<createdBy>test</createdBy>
<createdTime>2022-10-17 18:27:49 UTC</createdTime>
<ownerDesignName>ActivePass</ownerDesignName>
<ordsAlias>table_11</ordsAlias>
<allowColumnReorder>false</allowColumnReorder>
<existDependencyGenerateInDDl>true</existDependencyGenerateInDDl>
<parsed>true</parsed>
<columns itemClass="oracle.dbtools.crest.model.design.relational.Column">
<Column name="Vrsta beneficije" id="E517A628-69C7-D92C-0CFD-07CBF2141435">
<createdBy>test</createdBy>
<createdTime>2022-10-17 18:28:44 UTC</createdTime>
<ownerDesignName>ActivePass</ownerDesignName>
<nullsAllowed>true</nullsAllowed>
<useDomainConstraints>false</useDomainConstraints>
<use>1</use>
<logicalDatatype>LOGDT024</logicalDatatype>
<dataTypeSize>20</dataTypeSize>
<ownDataTypeParameters>20,,</ownDataTypeParameters>
<autoIncrementCycle>false</autoIncrementCycle>
</Column>
<Column name="Paket_ID paketa" id="771A7D72-556B-C47F-803A-A645E00BD97D">
<createdBy>test</createdBy>
<createdTime>2022-10-26 11:50:38 UTC</createdTime>
<ownerDesignName>ActivePass</ownerDesignName>
<useDomainConstraints>false</useDomainConstraints>
<use>1</use>
<logicalDatatype>LOGDT011</logicalDatatype>
<ownDataTypeParameters>,,</ownDataTypeParameters>
<previousColumn>false</previousColumn>
<autoIncrementCycle>false</autoIncrementCycle>
<associations>
<colAssociation fkAssociation="84CD06B9-7579-17C3-A9EE-02291C6AD592" referredColumn="19A7B201-AE40-A4D9-5EF4-17A2CA9C24D7"/>
</associations>
</Column>
<Column name="Saradnici_ID Saradnika" id="7E218C2D-8589-4DA6-FE02-7EECC1F7892A">
<createdBy>test</createdBy>
<createdTime>2022-10-26 11:53:25 UTC</createdTime>
<ownerDesignName>ActivePass</ownerDesignName>
<useDomainConstraints>false</useDomainConstraints>
<use>1</use>
<logicalDatatype>LOGDT011</logicalDatatype>
<ownDataTypeParameters>,,</ownDataTypeParameters>
<previousColumn>false</previousColumn>
<autoIncrementCycle>false</autoIncrementCycle>
<associations>
<colAssociation fkAssociation="D8013424-3013-3D85-9E30-46F0C6D1FB8F" referredColumn="569E5CE9-2F58-53B3-7A47-42046DD13D35"/>
</associations>
</Column>
</columns>
<indexes itemClass="oracle.dbtools.crest.model.design.relational.Index">
<ind_PK_UK id="1108EC09-984B-0BDE-9A2E-00990DA38443" name="Beneficije_Paket_FK">
<createdBy>test</createdBy>
<createdTime>2022-10-26 11:50:38 UTC</createdTime>
<ownerDesignName>ActivePass</ownerDesignName>
<indexState>Foreign Key</indexState>
<isSurrogateKey>false</isSurrogateKey>
<indexColumnUsage>
<colUsage columnID="771A7D72-556B-C47F-803A-A645E00BD97D"/>
</indexColumnUsage>
</ind_PK_UK>
<ind_PK_UK id="747DBC1B-46EE-12D5-7435-9E240229E97E" name="Beneficije_Saradnici_FK">
<createdBy>test</createdBy>
<createdTime>2022-10-26 11:53:25 UTC</createdTime>
<ownerDesignName>ActivePass</ownerDesignName>
<indexState>Foreign Key</indexState>
<isSurrogateKey>false</isSurrogateKey>
<indexColumnUsage>
<colUsage columnID="7E218C2D-8589-4DA6-FE02-7EECC1F7892A"/>
</indexColumnUsage>
</ind_PK_UK>
</indexes>
</Table>
