<?xml version = '1.0' encoding = 'UTF-8'?>
<Table class="oracle.dbtools.crest.model.design.relational.Table" directorySegmentName="seg_0" id="C23FEA9E-86EF-FAC6-5015-42F63683DBED" name="Komentar">
<createdBy>test</createdBy>
<createdTime>2022-10-17 18:11:09 UTC</createdTime>
<ownerDesignName>ActivePass</ownerDesignName>
<ordsAlias>table_9</ordsAlias>
<allowColumnReorder>false</allowColumnReorder>
<existDependencyGenerateInDDl>true</existDependencyGenerateInDDl>
<parsed>true</parsed>
<columns itemClass="oracle.dbtools.crest.model.design.relational.Column">
<Column name="Tekst komentara" id="0EB0920C-0300-8C7C-49A4-BD7F3ED7F199">
<createdBy>test</createdBy>
<createdTime>2022-10-17 18:14:26 UTC</createdTime>
<ownerDesignName>ActivePass</ownerDesignName>
<nullsAllowed>true</nullsAllowed>
<useDomainConstraints>false</useDomainConstraints>
<use>1</use>
<logicalDatatype>LOGDT024</logicalDatatype>
<dataTypeSize>200</dataTypeSize>
<ownDataTypeParameters>200,,</ownDataTypeParameters>
<autoIncrementCycle>false</autoIncrementCycle>
</Column>
<Column name="ID Komentar" id="C3F8E70F-40A4-ADEA-5007-C01CDAA05546">
<createdBy>test</createdBy>
<createdTime>2022-10-17 18:14:26 UTC</createdTime>
<ownerDesignName>ActivePass</ownerDesignName>
<useDomainConstraints>false</useDomainConstraints>
<use>1</use>
<logicalDatatype>LOGDT011</logicalDatatype>
<ownDataTypeParameters>,,</ownDataTypeParameters>
<autoIncrementCycle>false</autoIncrementCycle>
</Column>
<Column name="Ocena" id="77F5EE11-B988-647E-C90D-131C986C6CD0">
<createdBy>test</createdBy>
<createdTime>2022-10-17 18:14:26 UTC</createdTime>
<ownerDesignName>ActivePass</ownerDesignName>
<nullsAllowed>true</nullsAllowed>
<useDomainConstraints>false</useDomainConstraints>
<use>1</use>
<logicalDatatype>LOGDT011</logicalDatatype>
<ownDataTypeParameters>,,</ownDataTypeParameters>
<autoIncrementCycle>false</autoIncrementCycle>
</Column>
<Column name="Korisnik_Broj naloga" id="F6B21D73-7B55-74D3-AAA5-E579370F6D69">
<createdBy>test</createdBy>
<createdTime>2022-10-21 17:38:23 UTC</createdTime>
<ownerDesignName>ActivePass</ownerDesignName>
<useDomainConstraints>false</useDomainConstraints>
<use>1</use>
<logicalDatatype>LOGDT011</logicalDatatype>
<ownDataTypeParameters>,,</ownDataTypeParameters>
<previousColumn>false</previousColumn>
<autoIncrementCycle>false</autoIncrementCycle>
<associations>
<colAssociation fkAssociation="92B83044-6071-D2F5-D7F2-414FA2AA341D" referredColumn="51541485-0DDA-449F-9156-955E92B89C83"/>
</associations>
</Column>
<Column name="Objerkat_ID objekta" id="6122E625-C8A8-00DA-A3AA-FDC8C47B219D">
<createdBy>test</createdBy>
<createdTime>2022-10-21 17:44:37 UTC</createdTime>
<ownerDesignName>ActivePass</ownerDesignName>
<useDomainConstraints>false</useDomainConstraints>
<use>1</use>
<logicalDatatype>LOGDT011</logicalDatatype>
<ownDataTypeParameters>,,</ownDataTypeParameters>
<previousColumn>false</previousColumn>
<autoIncrementCycle>false</autoIncrementCycle>
<associations>
<colAssociation fkAssociation="DAD91B95-3CAF-D519-73B6-5E1BCEAAF344" referredColumn="D8384CC5-45D6-65F0-307B-06EF7D904DB2"/>
</associations>
</Column>
</columns>
<indexes itemClass="oracle.dbtools.crest.model.design.relational.Index">
<ind_PK_UK id="260AA118-11B7-1E0B-31F6-BC28274CA60F" name="Komentar_PK">
<createdBy>test</createdBy>
<createdTime>2022-10-17 18:14:26 UTC</createdTime>
<ownerDesignName>ActivePass</ownerDesignName>
<pk>true</pk>
<indexState>Primary Constraint</indexState>
<isSurrogateKey>false</isSurrogateKey>
<indexColumnUsage>
<colUsage columnID="C3F8E70F-40A4-ADEA-5007-C01CDAA05546"/>
</indexColumnUsage>
</ind_PK_UK>
<ind_PK_UK id="0C31C550-EAA6-8D1C-8A53-FFAFBA7F421A" name="Komentarisanje">
<createdBy>test</createdBy>
<createdTime>2022-10-21 17:38:23 UTC</createdTime>
<ownerDesignName>ActivePass</ownerDesignName>
<indexState>Foreign Key</indexState>
<isSurrogateKey>false</isSurrogateKey>
<indexColumnUsage>
<colUsage columnID="F6B21D73-7B55-74D3-AAA5-E579370F6D69"/>
</indexColumnUsage>
</ind_PK_UK>
<ind_PK_UK id="0B618D61-63D2-CB86-BFBF-5666C8097CF6" name="Komentar_Objerkat_FK">
<createdBy>test</createdBy>
<createdTime>2022-10-21 17:44:37 UTC</createdTime>
<ownerDesignName>ActivePass</ownerDesignName>
<indexState>Foreign Key</indexState>
<isSurrogateKey>false</isSurrogateKey>
<indexColumnUsage>
<colUsage columnID="6122E625-C8A8-00DA-A3AA-FDC8C47B219D"/>
</indexColumnUsage>
</ind_PK_UK>
</indexes>
</Table>
